,State,Temperature,Precipitation,Avg Condition,Target,Nitrogen,Phosphorus,Potasium,pH,Humidity
0,3,17,91.5,54.25,1,19.0,123.0,200.0,81.0,6.2
1,3,16,129.0,72.5,2,33.0,143.0,204.0,92.0,5.8
2,3,17,98.5,57.75,3,113.0,41.0,20.0,80.5,7.3
3,3,14,100.25,57.125,3,113.0,41.0,20.0,80.5,7.3
4,3,22,29.25,25.625,4,95.0,7.0,45.0,90.8,6.0
5,3,22,57.25,39.625,5,6.0,68.0,18.0,62.5,6.7
6,3,17,44.5,30.75,6,36.0,44.0,21.0,51.3,4.5
7,3,12,63.5,37.75,5,6.0,68.0,18.0,62.5,6.7
8,3,21,80.0,50.5,7,58.0,73.0,16.0,65.7,6.9
9,3,16,119.5,67.75,2,33.0,143.0,204.0,92.0,5.8
10,3,16,82.0,49.0,7,58.0,73.0,16.0,65.7,6.9
11,3,23,31.75,27.375,6,36.0,44.0,21.0,51.3,4.5
12,4,14,290.75,152.375,8,97.0,59.0,43.0,84.0,6.3
13,4,14,292.0,153.0,8,97.0,59.0,43.0,84.0,6.3
14,4,15,290.25,152.625,8,97.0,59.0,43.0,84.0,6.3
15,4,14,282.5,148.25,8,97.0,59.0,43.0,84.0,6.3
16,4,15,282.5,148.75,8,97.0,59.0,43.0,84.0,6.3
17,4,16,285.75,150.875,8,97.0,59.0,43.0,84.0,6.3
18,4,15,280.0,147.5,8,97.0,59.0,43.0,84.0,6.3
19,4,16,291.5,153.75,8,97.0,59.0,43.0,84.0,6.3
20,4,16,280.75,148.375,8,97.0,59.0,43.0,84.0,6.3
21,5,16,80.0,48.0,7,58.0,73.0,16.0,65.7,6.9
22,5,8,190.5,99.25,9,40.0,22.0,29.0,100.0,5.7
23,5,16,165.0,90.5,10,5.0,62.0,23.0,66.5,4.7
24,5,16,191.75,103.875,9,40.0,22.0,29.0,100.0,5.7
25,5,16,149.75,82.875,10,5.0,62.0,23.0,66.5,4.7
26,5,18,85.75,51.875,7,58.0,73.0,16.0,65.7,6.9
27,5,17,90.75,53.875,7,58.0,73.0,16.0,65.7,6.9
28,5,17,27.25,22.125,4,95.0,7.0,45.0,90.8,6.0
29,5,18,29.75,23.875,4,95.0,7.0,45.0,90.8,6.0
30,5,15,181.5,98.25,9,40.0,22.0,29.0,100.0,5.7
31,5,9,99.0,54.0,7,58.0,73.0,16.0,65.7,6.9
32,5,17,35.5,26.25,4,95.0,7.0,45.0,90.8,6.0
33,5,14,83.75,48.875,7,58.0,73.0,16.0,65.7,6.9
34,5,14,134.5,74.25,2,33.0,143.0,204.0,92.0,5.8
35,5,14,120.0,67.0,2,33.0,143.0,204.0,92.0,5.8
36,5,17,50.25,33.625,5,6.0,68.0,18.0,62.5,6.7
37,5,9,87.75,48.375,7,58.0,73.0,16.0,65.7,6.9
38,5,15,89.5,52.25,7,58.0,73.0,16.0,65.7,6.9
39,5,16,129.0,72.5,2,33.0,143.0,204.0,92.0,5.8
40,5,18,36.75,27.375,6,36.0,44.0,21.0,51.3,4.5
41,5,9,196.75,102.875,9,40.0,22.0,29.0,100.0,5.7
42,5,21,25.5,23.25,4,95.0,7.0,45.0,90.8,6.0
43,5,17,80.75,48.875,7,58.0,73.0,16.0,65.7,6.9
44,5,17,57.25,37.125,5,6.0,68.0,18.0,62.5,6.7
45,5,14,103.5,58.75,3,113.0,41.0,20.0,80.5,7.3
46,5,14,109.75,61.875,3,113.0,41.0,20.0,80.5,7.3
47,5,15,98.5,56.75,3,113.0,41.0,20.0,80.5,7.3
48,5,14,137.75,75.875,2,33.0,143.0,204.0,92.0,5.8
49,5,10,182.25,96.125,9,40.0,22.0,29.0,100.0,5.7
50,5,17,81.25,49.125,7,58.0,73.0,16.0,65.7,6.9
51,5,18,80.0,49.0,7,58.0,73.0,16.0,65.7,6.9
52,5,16,149.75,82.875,10,5.0,62.0,23.0,66.5,4.7
53,5,13,68.5,40.75,5,6.0,68.0,18.0,62.5,6.7
54,5,11,184.25,97.625,9,40.0,22.0,29.0,100.0,5.7
55,5,15,42.5,28.75,6,36.0,44.0,21.0,51.3,4.5
56,5,17,82.0,49.5,7,58.0,73.0,16.0,65.7,6.9
57,6,10,95.25,52.625,7,58.0,73.0,16.0,65.7,6.9
58,6,7,60.25,33.625,5,6.0,68.0,18.0,62.5,6.7
59,6,7,126.25,66.625,11,109.0,91.0,53.0,83.5,6.0
60,6,12,97.25,54.625,1,19.0,123.0,200.0,81.0,6.2
61,6,12,87.0,49.5,7,58.0,73.0,16.0,65.7,6.9
62,6,7,130.25,68.625,2,33.0,143.0,204.0,92.0,5.8
63,6,11,101.0,56.0,3,113.0,41.0,20.0,80.5,7.3
64,6,3,113.0,58.0,3,113.0,41.0,20.0,80.5,7.3
65,6,11,90.75,50.875,7,58.0,73.0,16.0,65.7,6.9
66,6,3,163.75,83.375,10,5.0,62.0,23.0,66.5,4.7
67,6,5,103.5,54.25,1,19.0,123.0,200.0,81.0,6.2
68,6,11,82.5,46.75,7,58.0,73.0,16.0,65.7,6.9
69,6,6,124.5,65.25,11,109.0,91.0,53.0,83.5,6.0
70,6,11,94.0,52.5,7,58.0,73.0,16.0,65.7,6.9
71,6,7,125.0,66.0,11,109.0,91.0,53.0,83.5,6.0
72,6,8,113.0,60.5,3,113.0,41.0,20.0,80.5,7.3
73,6,4,127.0,65.5,11,109.0,91.0,53.0,83.5,6.0
74,6,9,105.5,57.25,3,113.0,41.0,20.0,80.5,7.3
75,6,9,106.75,57.875,3,113.0,41.0,20.0,80.5,7.3
76,6,7,94.5,50.75,7,58.0,73.0,16.0,65.7,6.9
77,6,7,116.25,61.625,3,113.0,41.0,20.0,80.5,7.3
78,6,4,148.0,76.0,2,33.0,143.0,204.0,92.0,5.8
79,6,3,125.0,64.0,3,113.0,41.0,20.0,80.5,7.3
80,6,4,127.75,65.875,11,109.0,91.0,53.0,83.5,6.0
81,6,3,165.0,84.0,10,5.0,62.0,23.0,66.5,4.7
82,6,8,115.5,61.75,3,113.0,41.0,20.0,80.5,7.3
83,6,3,127.0,65.0,11,109.0,91.0,53.0,83.5,6.0
84,6,8,116.75,62.375,3,113.0,41.0,20.0,80.5,7.3
85,6,11,96.5,53.75,7,58.0,73.0,16.0,65.7,6.9
86,6,11,97.25,54.125,7,58.0,73.0,16.0,65.7,6.9
87,6,2,144.75,73.375,2,33.0,143.0,204.0,92.0,5.8
88,6,8,118.75,63.375,3,113.0,41.0,20.0,80.5,7.3
89,6,6,125.0,65.5,11,109.0,91.0,53.0,83.5,6.0
90,6,11,102.25,56.625,3,113.0,41.0,20.0,80.5,7.3
91,6,11,82.5,46.75,7,58.0,73.0,16.0,65.7,6.9
92,6,11,94.0,52.5,7,58.0,73.0,16.0,65.7,6.9
93,6,9,96.0,52.5,7,58.0,73.0,16.0,65.7,6.9
94,6,3,165.0,84.0,10,5.0,62.0,23.0,66.5,4.7
95,6,7,81.25,44.125,12,38.0,60.0,76.0,17.8,8.9
96,6,9,90.25,49.625,7,58.0,73.0,16.0,65.7,6.9
97,6,9,88.25,48.625,7,58.0,73.0,16.0,65.7,6.9
98,6,10,83.25,46.625,7,58.0,73.0,16.0,65.7,6.9
99,6,12,84.5,48.25,7,58.0,73.0,16.0,65.7,6.9
100,6,6,124.5,65.25,11,109.0,91.0,53.0,83.5,6.0
101,6,3,116.25,59.625,3,113.0,41.0,20.0,80.5,7.3
102,6,11,114.25,62.625,3,113.0,41.0,20.0,80.5,7.3
103,6,3,162.5,82.75,10,5.0,62.0,23.0,66.5,4.7
104,6,12,106.0,59.0,3,113.0,41.0,20.0,80.5,7.3
105,6,11,98.5,54.75,1,19.0,123.0,200.0,81.0,6.2
106,6,7,103.5,55.25,1,19.0,123.0,200.0,81.0,6.2
107,6,5,83.25,44.125,12,38.0,60.0,76.0,17.8,8.9
108,6,5,127.0,66.0,11,109.0,91.0,53.0,83.5,6.0
109,6,4,99.0,51.5,7,58.0,73.0,16.0,65.7,6.9
110,6,8,103.5,55.75,3,113.0,41.0,20.0,80.5,7.3
111,6,11,110.5,60.75,3,113.0,41.0,20.0,80.5,7.3
112,6,2,151.25,76.625,2,33.0,143.0,204.0,92.0,5.8
113,6,4,131.5,67.75,2,33.0,143.0,204.0,92.0,5.8
114,6,11,97.25,54.125,7,58.0,73.0,16.0,65.7,6.9
115,6,9,84.5,46.75,7,58.0,73.0,16.0,65.7,6.9
116,6,11,103.5,57.25,3,113.0,41.0,20.0,80.5,7.3
117,9,23,282.5,152.75,8,97.0,59.0,43.0,84.0,6.3
118,9,23,270.5,146.75,8,97.0,59.0,43.0,84.0,6.3
119,9,23,279.5,151.25,8,97.0,59.0,43.0,84.0,6.3
120,10,18,288.25,153.125,8,97.0,59.0,43.0,84.0,6.3
121,12,12,78.0,45.0,7,58.0,73.0,16.0,65.7,6.9
122,12,7,161.25,84.125,10,5.0,62.0,23.0,66.5,4.7
123,12,8,99.0,53.5,7,58.0,73.0,16.0,65.7,6.9
124,12,5,129.5,67.25,2,33.0,143.0,204.0,92.0,5.8
125,12,8,133.25,70.625,2,33.0,143.0,204.0,92.0,5.8
126,12,6,89.0,47.5,7,58.0,73.0,16.0,65.7,6.9
127,12,7,165.0,86.0,10,5.0,62.0,23.0,66.5,4.7
128,12,6,131.5,68.75,2,33.0,143.0,204.0,92.0,5.8
129,12,6,198.0,102.0,9,40.0,22.0,29.0,100.0,5.7
130,12,6,62.75,34.375,5,6.0,68.0,18.0,62.5,6.7
131,12,6,123.75,64.875,3,113.0,41.0,20.0,80.5,7.3
132,12,12,56.5,34.25,5,6.0,68.0,18.0,62.5,6.7
133,12,6,134.5,70.25,2,33.0,143.0,204.0,92.0,5.8
134,12,8,79.5,43.75,12,38.0,60.0,76.0,17.8,8.9
135,12,5,86.25,45.625,7,58.0,73.0,16.0,65.7,6.9
136,12,7,219.0,113.0,13,91.0,21.0,26.0,57.4,7.3
137,12,4,109.75,56.875,3,113.0,41.0,20.0,80.5,7.3
138,12,9,114.25,61.625,3,113.0,41.0,20.0,80.5,7.3
139,12,7,121.25,64.125,3,113.0,41.0,20.0,80.5,7.3
140,12,4,116.75,60.375,3,113.0,41.0,20.0,80.5,7.3
141,12,10,111.0,60.5,3,113.0,41.0,20.0,80.5,7.3
142,12,11,57.25,34.125,5,6.0,68.0,18.0,62.5,6.7
143,12,6,188.0,97.0,9,40.0,22.0,29.0,100.0,5.7
144,12,7,53.25,30.125,6,36.0,44.0,21.0,51.3,4.5
145,12,11,47.5,29.25,6,36.0,44.0,21.0,51.3,4.5
146,12,5,100.25,52.625,7,58.0,73.0,16.0,65.7,6.9
147,12,8,111.75,59.875,3,113.0,41.0,20.0,80.5,7.3
148,12,9,47.0,28.0,6,36.0,44.0,21.0,51.3,4.5
149,12,6,90.25,48.125,7,58.0,73.0,16.0,65.7,6.9
150,12,9,49.0,29.0,6,36.0,44.0,21.0,51.3,4.5
151,12,10,98.5,54.25,1,19.0,123.0,200.0,81.0,6.2
152,12,8,91.5,49.75,7,58.0,73.0,16.0,65.7,6.9
153,12,9,65.5,37.25,5,6.0,68.0,18.0,62.5,6.7
154,12,8,82.5,45.25,7,58.0,73.0,16.0,65.7,6.9
155,12,5,149.75,77.375,14,25.0,76.0,24.0,24.9,5.6
156,12,9,61.0,35.0,5,6.0,68.0,18.0,62.5,6.7
157,12,4,169.5,86.75,10,5.0,62.0,23.0,66.5,4.7
158,12,9,116.25,62.625,3,113.0,41.0,20.0,80.5,7.3
159,13,14,282.0,148.0,8,97.0,59.0,43.0,84.0,6.3
160,13,10,171.5,90.75,10,5.0,62.0,23.0,66.5,4.7
161,13,13,292.75,152.875,8,97.0,59.0,43.0,84.0,6.3
162,13,10,193.75,101.875,9,40.0,22.0,29.0,100.0,5.7
163,13,12,293.25,152.625,8,97.0,59.0,43.0,84.0,6.3
164,13,12,288.25,150.125,8,97.0,59.0,43.0,84.0,6.3
165,13,11,201.25,106.125,13,91.0,21.0,26.0,57.4,7.3
166,13,13,294.0,153.5,8,97.0,59.0,43.0,84.0,6.3
167,13,10,189.25,99.625,9,40.0,22.0,29.0,100.0,5.7
168,13,12,287.75,149.875,8,97.0,59.0,43.0,84.0,6.3
169,13,11,200.75,105.875,9,40.0,22.0,29.0,100.0,5.7
170,13,12,292.75,152.375,8,97.0,59.0,43.0,84.0,6.3
171,13,12,285.0,148.5,8,97.0,59.0,43.0,84.0,6.3
172,13,12,280.75,146.375,8,97.0,59.0,43.0,84.0,6.3
173,13,14,286.5,150.25,8,97.0,59.0,43.0,84.0,6.3
174,13,9,191.75,100.375,9,40.0,22.0,29.0,100.0,5.7
175,13,14,285.75,149.875,8,97.0,59.0,43.0,84.0,6.3
176,13,10,191.25,100.625,9,40.0,22.0,29.0,100.0,5.7
177,13,11,210.75,110.875,13,91.0,21.0,26.0,57.4,7.3
178,13,11,291.5,151.25,8,97.0,59.0,43.0,84.0,6.3
179,13,11,166.25,88.625,10,5.0,62.0,23.0,66.5,4.7
180,13,10,201.25,105.625,9,40.0,22.0,29.0,100.0,5.7
181,13,11,282.5,146.75,8,97.0,59.0,43.0,84.0,6.3
182,13,10,171.5,90.75,10,5.0,62.0,23.0,66.5,4.7
183,13,11,279.5,145.25,8,97.0,59.0,43.0,84.0,6.3
184,13,12,285.75,148.875,8,97.0,59.0,43.0,84.0,6.3
185,13,12,287.0,149.5,8,97.0,59.0,43.0,84.0,6.3
186,13,12,280.0,146.0,8,97.0,59.0,43.0,84.0,6.3
187,13,12,294.75,153.375,8,97.0,59.0,43.0,84.0,6.3
188,13,12,286.5,149.25,8,97.0,59.0,43.0,84.0,6.3
189,13,12,283.25,147.625,8,97.0,59.0,43.0,84.0,6.3
190,13,13,287.0,150.0,8,97.0,59.0,43.0,84.0,6.3
191,13,13,285.75,149.375,8,97.0,59.0,43.0,84.0,6.3
192,13,11,290.25,150.625,8,97.0,59.0,43.0,84.0,6.3
193,13,9,184.75,96.875,9,40.0,22.0,29.0,100.0,5.7
194,13,14,289.0,151.5,8,97.0,59.0,43.0,84.0,6.3
195,13,11,294.75,152.875,8,97.0,59.0,43.0,84.0,6.3
196,13,13,280.0,146.5,8,97.0,59.0,43.0,84.0,6.3
197,13,13,287.0,150.0,8,97.0,59.0,43.0,84.0,6.3
198,13,11,202.0,106.5,13,91.0,21.0,26.0,57.4,7.3
199,13,10,165.0,87.5,10,5.0,62.0,23.0,66.5,4.7
200,14,12,283.25,147.625,8,97.0,59.0,43.0,84.0,6.3
201,14,11,278.75,144.875,8,97.0,59.0,43.0,84.0,6.3
202,14,13,282.5,147.75,8,97.0,59.0,43.0,84.0,6.3
203,14,12,293.25,152.625,8,97.0,59.0,43.0,84.0,6.3
204,14,11,287.75,149.375,8,97.0,59.0,43.0,84.0,6.3
205,14,12,288.25,150.125,8,97.0,59.0,43.0,84.0,6.3
206,14,11,280.75,145.875,8,97.0,59.0,43.0,84.0,6.3
207,14,13,292.0,152.5,8,97.0,59.0,43.0,84.0,6.3
208,14,12,291.5,151.75,8,97.0,59.0,43.0,84.0,6.3
209,14,12,279.5,145.75,8,97.0,59.0,43.0,84.0,6.3
210,14,12,284.5,148.25,8,97.0,59.0,43.0,84.0,6.3
211,14,12,290.25,151.125,8,97.0,59.0,43.0,84.0,6.3
212,14,11,277.5,144.25,8,97.0,59.0,43.0,84.0,6.3
213,14,13,289.5,151.25,8,97.0,59.0,43.0,84.0,6.3
214,14,12,280.0,146.0,8,97.0,59.0,43.0,84.0,6.3
215,14,12,293.25,152.625,8,97.0,59.0,43.0,84.0,6.3
216,14,11,278.25,144.625,8,97.0,59.0,43.0,84.0,6.3
217,14,13,285.0,149.0,8,97.0,59.0,43.0,84.0,6.3
218,14,12,284.5,148.25,8,97.0,59.0,43.0,84.0,6.3
219,14,12,294.0,153.0,8,97.0,59.0,43.0,84.0,6.3
220,14,13,290.75,151.875,8,97.0,59.0,43.0,84.0,6.3
221,14,13,283.75,148.375,8,97.0,59.0,43.0,84.0,6.3
222,14,11,278.75,144.875,8,97.0,59.0,43.0,84.0,6.3
223,14,11,289.0,150.0,8,97.0,59.0,43.0,84.0,6.3
224,14,12,285.75,148.875,8,97.0,59.0,43.0,84.0,6.3
225,14,12,288.25,150.125,8,97.0,59.0,43.0,84.0,6.3
226,14,12,280.0,146.0,8,97.0,59.0,43.0,84.0,6.3
227,14,11,283.75,147.375,8,97.0,59.0,43.0,84.0,6.3
228,14,13,277.5,145.25,8,97.0,59.0,43.0,84.0,6.3
229,15,10,214.75,112.375,13,91.0,21.0,26.0,57.4,7.3
230,15,9,196.25,102.625,9,40.0,22.0,29.0,100.0,5.7
231,15,11,281.25,146.125,8,97.0,59.0,43.0,84.0,6.3
232,15,9,205.75,107.375,13,91.0,21.0,26.0,57.4,7.3
233,15,9,170.75,89.875,10,5.0,62.0,23.0,66.5,4.7
234,15,10,181.5,95.75,15,86.0,40.0,39.0,88.2,6.2
235,15,9,196.25,102.625,9,40.0,22.0,29.0,100.0,5.7
236,15,9,189.25,99.125,9,40.0,22.0,29.0,100.0,5.7
237,15,9,184.25,96.625,9,40.0,22.0,29.0,100.0,5.7
238,15,9,193.0,101.0,9,40.0,22.0,29.0,100.0,5.7
239,15,10,185.5,97.75,9,40.0,22.0,29.0,100.0,5.7
240,15,10,202.5,106.25,13,91.0,21.0,26.0,57.4,7.3
241,15,9,205.75,107.375,13,91.0,21.0,26.0,57.4,7.3
242,15,9,196.75,102.875,9,40.0,22.0,29.0,100.0,5.7
243,15,9,184.25,96.625,9,40.0,22.0,29.0,100.0,5.7
244,15,9,193.75,101.375,9,40.0,22.0,29.0,100.0,5.7
245,15,9,188.0,98.5,9,40.0,22.0,29.0,100.0,5.7
246,15,11,200.75,105.875,9,40.0,22.0,29.0,100.0,5.7
247,15,9,184.25,96.625,9,40.0,22.0,29.0,100.0,5.7
248,15,11,199.5,105.25,9,40.0,22.0,29.0,100.0,5.7
249,15,9,195.5,102.25,9,40.0,22.0,29.0,100.0,5.7
250,15,11,284.5,147.75,8,97.0,59.0,43.0,84.0,6.3
251,15,9,184.25,96.625,9,40.0,22.0,29.0,100.0,5.7
252,15,8,198.75,103.375,9,40.0,22.0,29.0,100.0,5.7
253,15,9,217.25,113.125,13,91.0,21.0,26.0,57.4,7.3
254,15,10,187.25,98.625,9,40.0,22.0,29.0,100.0,5.7
255,15,10,196.75,103.375,9,40.0,22.0,29.0,100.0,5.7
256,15,9,195.0,102.0,9,40.0,22.0,29.0,100.0,5.7
257,15,9,171.5,90.25,10,5.0,62.0,23.0,66.5,4.7
258,15,8,213.25,110.625,13,91.0,21.0,26.0,57.4,7.3
259,15,9,184.75,96.875,9,40.0,22.0,29.0,100.0,5.7
260,15,10,195.5,102.75,9,40.0,22.0,29.0,100.0,5.7
261,15,10,207.0,108.5,13,91.0,21.0,26.0,57.4,7.3
262,15,10,190.5,100.25,9,40.0,22.0,29.0,100.0,5.7
263,15,9,208.25,108.625,13,91.0,21.0,26.0,57.4,7.3
264,15,9,192.5,100.75,9,40.0,22.0,29.0,100.0,5.7
265,15,11,290.25,150.625,8,97.0,59.0,43.0,84.0,6.3
266,15,9,195.0,102.0,9,40.0,22.0,29.0,100.0,5.7
267,15,11,212.75,111.875,13,91.0,21.0,26.0,57.4,7.3
268,15,9,165.75,87.375,10,5.0,62.0,23.0,66.5,4.7
269,15,10,197.5,103.75,9,40.0,22.0,29.0,100.0,5.7
270,15,10,216.0,113.0,13,91.0,21.0,26.0,57.4,7.3
271,15,9,184.25,96.625,9,40.0,22.0,29.0,100.0,5.7
272,15,9,191.25,100.125,9,40.0,22.0,29.0,100.0,5.7
273,15,9,158.75,83.875,10,5.0,62.0,23.0,66.5,4.7
274,15,9,184.25,96.625,9,40.0,22.0,29.0,100.0,5.7
275,15,11,195.5,103.25,9,40.0,22.0,29.0,100.0,5.7
276,15,11,212.0,111.5,13,91.0,21.0,26.0,57.4,7.3
277,15,10,196.75,103.375,9,40.0,22.0,29.0,100.0,5.7
278,15,9,186.75,97.875,9,40.0,22.0,29.0,100.0,5.7
279,15,11,210.75,110.875,13,91.0,21.0,26.0,57.4,7.3
280,15,10,198.75,104.375,9,40.0,22.0,29.0,100.0,5.7
281,15,8,174.5,91.25,10,5.0,62.0,23.0,66.5,4.7
282,15,8,195.0,101.5,9,40.0,22.0,29.0,100.0,5.7
283,15,9,172.0,90.5,10,5.0,62.0,23.0,66.5,4.7
284,15,8,196.75,102.375,9,40.0,22.0,29.0,100.0,5.7
285,15,9,193.75,101.375,9,40.0,22.0,29.0,100.0,5.7
286,16,14,162.5,88.25,10,5.0,62.0,23.0,66.5,4.7
287,16,13,179.75,96.375,9,40.0,22.0,29.0,100.0,5.7
288,16,11,94.5,52.75,7,58.0,73.0,16.0,65.7,6.9
289,16,14,127.0,70.5,2,33.0,143.0,204.0,92.0,5.8
290,16,13,163.75,88.375,10,5.0,62.0,23.0,66.5,4.7
291,16,13,277.5,145.25,8,97.0,59.0,43.0,84.0,6.3
292,16,14,155.5,84.75,10,5.0,62.0,23.0,66.5,4.7
293,16,12,111.0,61.5,3,113.0,41.0,20.0,80.5,7.3
294,16,13,200.75,106.875,13,91.0,21.0,26.0,57.4,7.3
295,16,13,289.0,151.0,8,97.0,59.0,43.0,84.0,6.3
296,16,13,165.75,89.375,10,5.0,62.0,23.0,66.5,4.7
297,16,13,179.75,96.375,9,40.0,22.0,29.0,100.0,5.7
298,16,13,108.0,60.5,3,113.0,41.0,20.0,80.5,7.3
299,16,13,150.5,81.75,10,5.0,62.0,23.0,66.5,4.7
300,16,13,197.5,105.25,9,40.0,22.0,29.0,100.0,5.7
301,16,12,115.5,63.75,3,113.0,41.0,20.0,80.5,7.3
302,16,12,120.75,66.375,11,109.0,91.0,53.0,83.5,6.0
303,16,13,112.5,62.75,3,113.0,41.0,20.0,80.5,7.3
304,16,13,126.25,69.625,2,33.0,143.0,204.0,92.0,5.8
305,16,12,132.0,72.0,2,33.0,143.0,204.0,92.0,5.8
306,16,12,114.25,63.125,3,113.0,41.0,20.0,80.5,7.3
307,16,14,166.25,90.125,10,5.0,62.0,23.0,66.5,4.7
308,16,13,120.0,66.5,11,109.0,91.0,53.0,83.5,6.0
309,16,13,153.75,83.375,10,5.0,62.0,23.0,66.5,4.7
310,16,12,212.75,112.375,13,91.0,21.0,26.0,57.4,7.3
311,16,13,114.25,63.625,3,113.0,41.0,20.0,80.5,7.3
312,16,14,193.0,103.5,9,40.0,22.0,29.0,100.0,5.7
313,16,13,164.5,88.75,10,5.0,62.0,23.0,66.5,4.7
314,16,14,292.0,153.0,8,97.0,59.0,43.0,84.0,6.3
315,16,13,119.5,66.25,11,109.0,91.0,53.0,83.5,6.0
316,16,12,139.75,75.875,2,33.0,143.0,204.0,92.0,5.8
317,16,14,207.75,110.875,13,91.0,21.0,26.0,57.4,7.3
318,16,13,208.25,110.625,13,91.0,21.0,26.0,57.4,7.3
319,16,12,183.5,97.75,9,40.0,22.0,29.0,100.0,5.7
320,16,13,139.75,76.375,2,33.0,143.0,204.0,92.0,5.8
321,16,13,153.75,83.375,10,5.0,62.0,23.0,66.5,4.7
322,16,13,90.25,51.625,7,58.0,73.0,16.0,65.7,6.9
323,16,12,193.75,102.875,9,40.0,22.0,29.0,100.0,5.7
324,16,13,139.75,76.375,2,33.0,143.0,204.0,92.0,5.8
325,16,12,133.25,72.625,2,33.0,143.0,204.0,92.0,5.8
326,16,13,286.5,149.75,8,97.0,59.0,43.0,84.0,6.3
327,16,12,164.5,88.25,10,5.0,62.0,23.0,66.5,4.7
328,16,12,125.75,68.875,2,33.0,143.0,204.0,92.0,5.8
329,16,13,194.25,103.625,9,40.0,22.0,29.0,100.0,5.7
330,16,13,194.25,103.625,9,40.0,22.0,29.0,100.0,5.7
331,16,13,190.5,101.75,9,40.0,22.0,29.0,100.0,5.7
332,16,13,192.5,102.75,9,40.0,22.0,29.0,100.0,5.7
333,16,12,143.5,77.75,14,25.0,76.0,24.0,24.9,5.6
334,16,14,187.25,100.625,9,40.0,22.0,29.0,100.0,5.7
335,16,12,118.0,65.0,11,109.0,91.0,53.0,83.5,6.0
336,16,14,205.75,109.875,13,91.0,21.0,26.0,57.4,7.3
337,16,13,125.0,69.0,2,33.0,143.0,204.0,92.0,5.8
338,16,12,111.0,61.5,3,113.0,41.0,20.0,80.5,7.3
339,16,11,105.5,58.25,3,113.0,41.0,20.0,80.5,7.3
340,16,12,165.0,88.5,10,5.0,62.0,23.0,66.5,4.7
341,16,13,189.25,101.125,9,40.0,22.0,29.0,100.0,5.7
342,16,13,97.25,55.125,1,19.0,123.0,200.0,81.0,6.2
343,16,13,114.25,63.625,3,113.0,41.0,20.0,80.5,7.3
344,16,14,196.75,105.375,9,40.0,22.0,29.0,100.0,5.7
345,16,12,110.5,61.25,3,113.0,41.0,20.0,80.5,7.3
346,16,12,116.75,64.375,3,113.0,41.0,20.0,80.5,7.3
347,16,12,123.75,67.875,2,33.0,143.0,204.0,92.0,5.8
348,16,12,179.75,95.875,15,86.0,40.0,39.0,88.2,6.2
349,16,12,126.25,69.125,2,33.0,143.0,204.0,92.0,5.8
350,17,14,292.0,153.0,8,97.0,59.0,43.0,84.0,6.3
351,17,13,283.25,148.125,8,97.0,59.0,43.0,84.0,6.3
352,17,13,290.25,151.625,8,97.0,59.0,43.0,84.0,6.3
353,17,14,289.5,151.75,8,97.0,59.0,43.0,84.0,6.3
354,17,13,290.75,151.875,8,97.0,59.0,43.0,84.0,6.3
355,17,13,290.25,151.625,8,97.0,59.0,43.0,84.0,6.3
356,17,13,285.75,149.375,8,97.0,59.0,43.0,84.0,6.3
357,17,13,286.5,149.75,8,97.0,59.0,43.0,84.0,6.3
358,17,14,293.25,153.625,8,97.0,59.0,43.0,84.0,6.3
359,19,8,295.25,151.625,8,97.0,59.0,43.0,84.0,6.3
360,19,8,290.75,149.375,8,97.0,59.0,43.0,84.0,6.3
361,19,7,282.0,144.5,8,97.0,59.0,43.0,84.0,6.3
362,19,8,298.5,153.25,8,97.0,59.0,43.0,84.0,6.3
363,20,10,278.75,144.375,8,97.0,59.0,43.0,84.0,6.3
364,20,13,280.0,146.5,8,97.0,59.0,43.0,84.0,6.3
365,21,12,293.25,152.625,8,97.0,59.0,43.0,84.0,6.3
366,22,11,216.0,113.5,13,91.0,21.0,26.0,57.4,7.3
367,22,8,173.25,90.625,10,5.0,62.0,23.0,66.5,4.7
368,22,8,198.75,103.375,9,40.0,22.0,29.0,100.0,5.7
369,22,9,194.25,101.625,9,40.0,22.0,29.0,100.0,5.7
370,22,9,203.75,106.375,13,91.0,21.0,26.0,57.4,7.3
371,22,9,201.25,105.125,9,40.0,22.0,29.0,100.0,5.7
372,22,8,195.0,101.5,9,40.0,22.0,29.0,100.0,5.7
373,22,7,186.0,96.5,9,40.0,22.0,29.0,100.0,5.7
374,22,8,209.0,108.5,13,91.0,21.0,26.0,57.4,7.3
375,22,8,194.25,101.125,9,40.0,22.0,29.0,100.0,5.7
376,22,7,173.25,90.125,10,5.0,62.0,23.0,66.5,4.7
377,22,6,150.5,78.25,14,25.0,76.0,24.0,24.9,5.6
378,22,8,193.75,100.875,9,40.0,22.0,29.0,100.0,5.7
379,22,9,200.75,104.875,9,40.0,22.0,29.0,100.0,5.7
380,22,6,173.25,89.625,10,5.0,62.0,23.0,66.5,4.7
381,22,9,198.75,103.875,9,40.0,22.0,29.0,100.0,5.7
382,22,6,165.0,85.5,10,5.0,62.0,23.0,66.5,4.7
383,22,9,193.0,101.0,9,40.0,22.0,29.0,100.0,5.7
384,22,8,194.25,101.125,9,40.0,22.0,29.0,100.0,5.7
385,22,5,167.75,86.375,10,5.0,62.0,23.0,66.5,4.7
386,22,9,207.75,108.375,13,91.0,21.0,26.0,57.4,7.3
387,22,8,207.75,107.875,13,91.0,21.0,26.0,57.4,7.3
388,22,9,199.5,104.25,9,40.0,22.0,29.0,100.0,5.7
389,22,6,173.25,89.625,10,5.0,62.0,23.0,66.5,4.7
390,22,7,186.0,96.5,9,40.0,22.0,29.0,100.0,5.7
391,22,9,217.25,113.125,13,91.0,21.0,26.0,57.4,7.3
392,22,6,164.5,85.25,10,5.0,62.0,23.0,66.5,4.7
393,22,9,206.5,107.75,13,91.0,21.0,26.0,57.4,7.3
394,22,8,203.25,105.625,9,40.0,22.0,29.0,100.0,5.7
395,22,7,165.0,86.0,10,5.0,62.0,23.0,66.5,4.7
396,22,9,206.5,107.75,13,91.0,21.0,26.0,57.4,7.3
397,22,8,217.25,112.625,13,91.0,21.0,26.0,57.4,7.3
398,22,8,174.0,91.0,10,5.0,62.0,23.0,66.5,4.7
399,22,9,203.75,106.375,13,91.0,21.0,26.0,57.4,7.3
400,22,9,203.25,106.125,13,91.0,21.0,26.0,57.4,7.3
401,22,9,199.5,104.25,9,40.0,22.0,29.0,100.0,5.7
402,22,8,205.75,106.875,13,91.0,21.0,26.0,57.4,7.3
403,22,6,163.75,84.875,10,5.0,62.0,23.0,66.5,4.7
404,22,8,219.75,113.875,13,91.0,21.0,26.0,57.4,7.3
405,22,8,187.25,97.625,9,40.0,22.0,29.0,100.0,5.7
406,22,10,201.25,105.625,9,40.0,22.0,29.0,100.0,5.7
407,22,8,210.25,109.125,13,91.0,21.0,26.0,57.4,7.3
408,22,9,203.25,106.125,13,91.0,21.0,26.0,57.4,7.3
409,22,10,209.5,109.75,13,91.0,21.0,26.0,57.4,7.3
410,23,6,142.25,74.125,2,33.0,143.0,204.0,92.0,5.8
411,23,8,144.25,76.125,2,33.0,143.0,204.0,92.0,5.8
412,23,6,101.5,53.75,7,58.0,73.0,16.0,65.7,6.9
413,23,6,98.5,52.25,7,58.0,73.0,16.0,65.7,6.9
414,23,7,153.75,80.375,16,34.0,10.0,14.0,92.1,6.7
415,23,8,186.75,97.375,9,40.0,22.0,29.0,100.0,5.7
416,23,8,152.5,80.25,14,25.0,76.0,24.0,24.9,5.6
417,23,9,146.0,77.5,14,25.0,76.0,24.0,24.9,5.6
418,23,6,152.5,79.25,14,25.0,76.0,24.0,24.9,5.6
419,23,8,149.75,78.875,14,25.0,76.0,24.0,24.9,5.6
420,23,6,127.0,66.5,11,109.0,91.0,53.0,83.5,6.0
421,23,8,174.5,91.25,10,5.0,62.0,23.0,66.5,4.7
422,23,7,110.5,58.75,3,113.0,41.0,20.0,80.5,7.3
423,23,6,93.25,49.625,7,58.0,73.0,16.0,65.7,6.9
424,23,4,139.0,71.5,2,33.0,143.0,204.0,92.0,5.8
425,23,9,162.5,85.75,10,5.0,62.0,23.0,66.5,4.7
426,23,7,141.0,74.0,2,33.0,143.0,204.0,92.0,5.8
427,23,9,146.0,77.5,14,25.0,76.0,24.0,24.9,5.6
428,23,7,158.75,82.875,10,5.0,62.0,23.0,66.5,4.7
429,23,8,152.5,80.25,14,25.0,76.0,24.0,24.9,5.6
430,23,8,185.5,96.75,9,40.0,22.0,29.0,100.0,5.7
431,23,8,158.75,83.375,10,5.0,62.0,23.0,66.5,4.7
432,23,8,162.0,85.0,10,5.0,62.0,23.0,66.5,4.7
433,23,8,145.5,76.75,2,33.0,143.0,204.0,92.0,5.8
434,23,9,200.75,104.875,9,40.0,22.0,29.0,100.0,5.7
435,23,6,107.25,56.625,3,113.0,41.0,20.0,80.5,7.3
436,23,8,151.75,79.875,14,25.0,76.0,24.0,24.9,5.6
437,23,6,119.5,62.75,3,113.0,41.0,20.0,80.5,7.3
438,23,8,174.0,91.0,10,5.0,62.0,23.0,66.5,4.7
439,23,7,153.0,80.0,14,25.0,76.0,24.0,24.9,5.6
440,23,8,150.5,79.25,14,25.0,76.0,24.0,24.9,5.6
441,23,6,89.0,47.5,7,58.0,73.0,16.0,65.7,6.9
442,23,6,115.5,60.75,3,113.0,41.0,20.0,80.5,7.3
443,23,4,145.5,74.75,2,33.0,143.0,204.0,92.0,5.8
444,23,6,120.75,63.375,3,113.0,41.0,20.0,80.5,7.3
445,23,8,149.75,78.875,14,25.0,76.0,24.0,24.9,5.6
446,23,8,162.0,85.0,10,5.0,62.0,23.0,66.5,4.7
447,23,8,158.0,83.0,10,5.0,62.0,23.0,66.5,4.7
448,23,8,130.75,69.375,2,33.0,143.0,204.0,92.0,5.8
449,23,6,101.5,53.75,7,58.0,73.0,16.0,65.7,6.9
450,23,6,95.25,50.625,7,58.0,73.0,16.0,65.7,6.9
451,23,8,165.75,86.875,10,5.0,62.0,23.0,66.5,4.7
452,23,8,120.75,64.375,3,113.0,41.0,20.0,80.5,7.3
453,23,7,153.75,80.375,16,34.0,10.0,14.0,92.1,6.7
454,23,7,153.75,80.375,16,34.0,10.0,14.0,92.1,6.7
455,23,8,190.5,99.25,9,40.0,22.0,29.0,100.0,5.7
456,23,8,171.5,89.75,10,5.0,62.0,23.0,66.5,4.7
457,23,9,146.0,77.5,14,25.0,76.0,24.0,24.9,5.6
458,23,7,109.75,58.375,3,113.0,41.0,20.0,80.5,7.3
459,23,7,132.75,69.875,2,33.0,143.0,204.0,92.0,5.8
460,23,6,99.75,52.875,7,58.0,73.0,16.0,65.7,6.9
461,23,7,158.75,82.875,10,5.0,62.0,23.0,66.5,4.7
462,23,8,168.25,88.125,10,5.0,62.0,23.0,66.5,4.7
463,23,6,102.25,54.125,7,58.0,73.0,16.0,65.7,6.9
464,23,8,172.0,90.0,10,5.0,62.0,23.0,66.5,4.7
465,23,9,146.0,77.5,14,25.0,76.0,24.0,24.9,5.6
466,23,6,102.25,54.125,7,58.0,73.0,16.0,65.7,6.9
467,23,9,144.25,76.625,2,33.0,143.0,204.0,92.0,5.8
468,23,8,132.75,70.375,2,33.0,143.0,204.0,92.0,5.8
469,23,8,173.25,90.625,10,5.0,62.0,23.0,66.5,4.7
470,23,6,104.25,55.125,1,19.0,123.0,200.0,81.0,6.2
471,23,5,136.0,70.5,2,33.0,143.0,204.0,92.0,5.8
472,23,8,141.5,74.75,2,33.0,143.0,204.0,92.0,5.8
473,23,9,141.5,75.25,2,33.0,143.0,204.0,92.0,5.8
474,23,7,158.75,82.875,10,5.0,62.0,23.0,66.5,4.7
475,23,8,165.75,86.875,10,5.0,62.0,23.0,66.5,4.7
476,23,8,171.5,89.75,10,5.0,62.0,23.0,66.5,4.7
477,23,8,187.25,97.625,9,40.0,22.0,29.0,100.0,5.7
478,23,7,129.5,68.25,2,33.0,143.0,204.0,92.0,5.8
479,23,8,151.25,79.625,14,25.0,76.0,24.0,24.9,5.6
480,23,9,162.5,85.75,10,5.0,62.0,23.0,66.5,4.7
481,23,8,127.75,67.875,2,33.0,143.0,204.0,92.0,5.8
482,23,8,209.0,108.5,13,91.0,21.0,26.0,57.4,7.3
483,23,8,131.5,69.75,2,33.0,143.0,204.0,92.0,5.8
484,23,8,163.25,85.625,10,5.0,62.0,23.0,66.5,4.7
485,25,12,290.25,151.125,8,97.0,59.0,43.0,84.0,6.3
486,25,12,209.5,110.75,13,91.0,21.0,26.0,57.4,7.3
487,25,12,289.5,150.75,8,97.0,59.0,43.0,84.0,6.3
488,25,13,290.75,151.875,8,97.0,59.0,43.0,84.0,6.3
489,25,13,283.75,148.375,8,97.0,59.0,43.0,84.0,6.3
490,25,14,289.0,151.5,8,97.0,59.0,43.0,84.0,6.3
491,25,14,274.25,144.125,8,97.0,59.0,43.0,84.0,6.3
492,25,13,290.25,151.625,8,97.0,59.0,43.0,84.0,6.3
493,25,12,287.0,149.5,8,97.0,59.0,43.0,84.0,6.3
494,25,14,289.0,151.5,8,97.0,59.0,43.0,84.0,6.3
495,25,13,291.5,152.25,8,97.0,59.0,43.0,84.0,6.3
496,25,13,279.5,146.25,8,97.0,59.0,43.0,84.0,6.3
497,25,13,279.5,146.25,8,97.0,59.0,43.0,84.0,6.3
498,25,13,279.5,146.25,8,97.0,59.0,43.0,84.0,6.3
499,25,14,277.5,145.75,8,97.0,59.0,43.0,84.0,6.3
500,25,13,285.75,149.375,8,97.0,59.0,43.0,84.0,6.3
501,25,12,279.5,145.75,8,97.0,59.0,43.0,84.0,6.3
502,25,12,289.5,150.75,8,97.0,59.0,43.0,84.0,6.3
503,25,13,276.75,144.875,8,97.0,59.0,43.0,84.0,6.3
504,25,11,285.0,148.0,8,97.0,59.0,43.0,84.0,6.3
505,25,12,276.25,144.125,8,97.0,59.0,43.0,84.0,6.3
506,25,13,284.5,148.75,8,97.0,59.0,43.0,84.0,6.3
507,25,14,293.25,153.625,8,97.0,59.0,43.0,84.0,6.3
508,25,11,285.75,148.375,8,97.0,59.0,43.0,84.0,6.3
509,25,11,279.5,145.25,8,97.0,59.0,43.0,84.0,6.3
510,25,14,292.75,153.375,8,97.0,59.0,43.0,84.0,6.3
511,25,13,276.25,144.625,8,97.0,59.0,43.0,84.0,6.3
512,25,11,282.0,146.5,8,97.0,59.0,43.0,84.0,6.3
513,25,13,291.5,152.25,8,97.0,59.0,43.0,84.0,6.3
514,26,4,96.0,50.0,7,58.0,73.0,16.0,65.7,6.9
515,26,8,68.5,38.25,5,6.0,68.0,18.0,62.5,6.7
516,26,7,61.0,34.0,5,6.0,68.0,18.0,62.5,6.7
517,26,7,64.75,35.875,5,6.0,68.0,18.0,62.5,6.7
518,26,8,68.5,38.25,5,6.0,68.0,18.0,62.5,6.7
519,26,7,72.5,39.75,5,6.0,68.0,18.0,62.5,6.7
520,26,8,60.25,34.125,5,6.0,68.0,18.0,62.5,6.7
521,26,8,62.25,35.125,5,6.0,68.0,18.0,62.5,6.7
522,26,6,59.0,32.5,5,6.0,68.0,18.0,62.5,6.7
523,26,8,55.25,31.625,5,6.0,68.0,18.0,62.5,6.7
524,26,4,95.25,49.625,7,58.0,73.0,16.0,65.7,6.9
525,26,8,61.0,34.5,5,6.0,68.0,18.0,62.5,6.7
526,26,8,63.5,35.75,5,6.0,68.0,18.0,62.5,6.7
527,26,6,195.0,100.5,9,40.0,22.0,29.0,100.0,5.7
528,26,5,122.5,63.75,3,113.0,41.0,20.0,80.5,7.3
529,26,8,49.0,28.5,6,36.0,44.0,21.0,51.3,4.5
530,26,5,118.0,61.5,3,113.0,41.0,20.0,80.5,7.3
531,26,7,59.75,33.375,5,6.0,68.0,18.0,62.5,6.7
532,26,4,113.0,58.5,3,113.0,41.0,20.0,80.5,7.3
533,26,6,58.5,32.25,5,6.0,68.0,18.0,62.5,6.7
534,26,6,69.25,37.625,5,6.0,68.0,18.0,62.5,6.7
535,26,7,130.25,68.625,2,33.0,143.0,204.0,92.0,5.8
536,26,6,101.5,53.75,7,58.0,73.0,16.0,65.7,6.9
537,26,6,65.5,35.75,5,6.0,68.0,18.0,62.5,6.7
538,26,6,185.5,95.75,15,86.0,40.0,39.0,88.2,6.2
539,26,8,47.5,27.75,6,36.0,44.0,21.0,51.3,4.5
540,26,5,122.0,63.5,3,113.0,41.0,20.0,80.5,7.3
541,26,5,89.0,47.0,7,58.0,73.0,16.0,65.7,6.9
542,26,6,197.5,101.75,9,40.0,22.0,29.0,100.0,5.7
543,26,6,149.75,77.875,14,25.0,76.0,24.0,24.9,5.6
544,26,8,60.25,34.125,5,6.0,68.0,18.0,62.5,6.7
545,26,4,127.0,65.5,11,109.0,91.0,53.0,83.5,6.0
546,26,9,50.25,29.625,6,36.0,44.0,21.0,51.3,4.5
547,26,7,50.75,28.875,6,36.0,44.0,21.0,51.3,4.5
548,26,8,66.0,37.0,5,6.0,68.0,18.0,62.5,6.7
549,26,5,123.75,64.375,3,113.0,41.0,20.0,80.5,7.3
550,26,8,50.25,29.125,6,36.0,44.0,21.0,51.3,4.5
551,26,5,143.5,74.25,2,33.0,143.0,204.0,92.0,5.8
552,26,7,50.75,28.875,6,36.0,44.0,21.0,51.3,4.5
553,26,7,54.5,30.75,6,36.0,44.0,21.0,51.3,4.5
554,26,8,57.25,32.625,5,6.0,68.0,18.0,62.5,6.7
555,26,7,171.5,89.25,10,5.0,62.0,23.0,66.5,4.7
556,26,6,59.0,32.5,5,6.0,68.0,18.0,62.5,6.7
557,26,5,68.5,36.75,5,6.0,68.0,18.0,62.5,6.7
558,26,7,85.75,46.375,7,58.0,73.0,16.0,65.7,6.9
559,26,6,80.75,43.375,12,38.0,60.0,76.0,17.8,8.9
560,26,6,66.0,36.0,5,6.0,68.0,18.0,62.5,6.7
561,26,9,62.75,35.875,5,6.0,68.0,18.0,62.5,6.7
562,26,7,45.0,26.0,4,95.0,7.0,45.0,90.8,6.0
563,26,7,65.5,36.25,5,6.0,68.0,18.0,62.5,6.7
564,26,8,61.5,34.75,5,6.0,68.0,18.0,62.5,6.7
565,26,9,63.5,36.25,5,6.0,68.0,18.0,62.5,6.7
566,27,11,198.0,104.5,9,40.0,22.0,29.0,100.0,5.7
567,27,10,171.5,90.75,10,5.0,62.0,23.0,66.5,4.7
568,27,9,127.0,68.0,2,33.0,143.0,204.0,92.0,5.8
569,27,9,82.5,45.75,7,58.0,73.0,16.0,65.7,6.9
570,27,10,148.5,79.25,14,25.0,76.0,24.0,24.9,5.6
571,27,10,168.25,89.125,10,5.0,62.0,23.0,66.5,4.7
572,27,9,90.75,49.875,7,58.0,73.0,16.0,65.7,6.9
573,27,10,126.25,68.125,2,33.0,143.0,204.0,92.0,5.8
574,27,10,144.75,77.375,14,25.0,76.0,24.0,24.9,5.6
575,27,9,149.25,79.125,14,25.0,76.0,24.0,24.9,5.6
576,27,11,105.5,58.25,3,113.0,41.0,20.0,80.5,7.3
577,27,9,134.5,71.75,2,33.0,143.0,204.0,92.0,5.8
578,27,9,94.0,51.5,7,58.0,73.0,16.0,65.7,6.9
579,27,11,184.25,97.625,9,40.0,22.0,29.0,100.0,5.7
580,27,11,198.0,104.5,9,40.0,22.0,29.0,100.0,5.7
581,27,10,205.0,107.5,13,91.0,21.0,26.0,57.4,7.3
582,27,10,142.25,76.125,2,33.0,143.0,204.0,92.0,5.8
583,27,9,86.25,47.625,7,58.0,73.0,16.0,65.7,6.9
584,27,11,153.0,82.0,10,5.0,62.0,23.0,66.5,4.7
585,27,10,109.25,59.625,3,113.0,41.0,20.0,80.5,7.3
586,27,9,149.75,79.375,14,25.0,76.0,24.0,24.9,5.6
587,27,12,96.5,54.25,1,19.0,123.0,200.0,81.0,6.2
588,27,12,188.5,100.25,9,40.0,22.0,29.0,100.0,5.7
589,27,11,141.5,76.25,2,33.0,143.0,204.0,92.0,5.8
590,27,11,158.75,84.875,10,5.0,62.0,23.0,66.5,4.7
591,27,12,181.0,96.5,9,40.0,22.0,29.0,100.0,5.7
592,27,9,104.25,56.625,3,113.0,41.0,20.0,80.5,7.3
593,27,9,151.25,80.125,14,25.0,76.0,24.0,24.9,5.6
594,27,11,162.0,86.5,10,5.0,62.0,23.0,66.5,4.7
595,27,9,130.75,69.875,2,33.0,143.0,204.0,92.0,5.8
596,27,10,170.25,90.125,10,5.0,62.0,23.0,66.5,4.7
597,27,11,189.25,100.125,9,40.0,22.0,29.0,100.0,5.7
598,27,11,198.75,104.875,9,40.0,22.0,29.0,100.0,5.7
599,27,12,179.75,95.875,15,86.0,40.0,39.0,88.2,6.2
600,27,11,101.5,56.25,3,113.0,41.0,20.0,80.5,7.3
601,27,11,92.0,51.5,7,58.0,73.0,16.0,65.7,6.9
602,27,10,140.25,75.125,2,33.0,143.0,204.0,92.0,5.8
603,27,9,139.0,74.0,2,33.0,143.0,204.0,92.0,5.8
604,27,11,181.5,96.25,9,40.0,22.0,29.0,100.0,5.7
605,27,12,181.0,96.5,9,40.0,22.0,29.0,100.0,5.7
606,27,12,196.75,104.375,9,40.0,22.0,29.0,100.0,5.7
607,27,11,192.5,101.75,9,40.0,22.0,29.0,100.0,5.7
608,27,11,123.75,67.375,2,33.0,143.0,204.0,92.0,5.8
609,27,10,134.0,72.0,2,33.0,143.0,204.0,92.0,5.8
610,27,9,82.5,45.75,7,58.0,73.0,16.0,65.7,6.9
611,27,10,149.25,79.625,14,25.0,76.0,24.0,24.9,5.6
612,27,11,202.0,106.5,13,91.0,21.0,26.0,57.4,7.3
613,27,11,136.5,73.75,2,33.0,143.0,204.0,92.0,5.8
614,27,10,136.0,73.0,2,33.0,143.0,204.0,92.0,5.8
615,27,9,125.75,67.375,2,33.0,143.0,204.0,92.0,5.8
616,27,9,130.75,69.875,2,33.0,143.0,204.0,92.0,5.8
617,27,10,185.5,97.75,9,40.0,22.0,29.0,100.0,5.7
618,27,11,202.0,106.5,13,91.0,21.0,26.0,57.4,7.3
619,27,9,85.0,47.0,7,58.0,73.0,16.0,65.7,6.9
620,27,11,188.0,99.5,9,40.0,22.0,29.0,100.0,5.7
621,27,12,200.0,106.0,9,40.0,22.0,29.0,100.0,5.7
622,27,12,188.5,100.25,9,40.0,22.0,29.0,100.0,5.7
623,27,11,214.0,112.5,13,91.0,21.0,26.0,57.4,7.3
624,27,12,191.25,101.625,9,40.0,22.0,29.0,100.0,5.7
625,27,11,110.5,60.75,3,113.0,41.0,20.0,80.5,7.3
626,27,11,182.25,96.625,9,40.0,22.0,29.0,100.0,5.7
627,27,10,189.25,99.625,9,40.0,22.0,29.0,100.0,5.7
628,27,11,191.25,101.125,9,40.0,22.0,29.0,100.0,5.7
629,27,12,114.25,63.125,3,113.0,41.0,20.0,80.5,7.3
630,27,12,211.5,111.75,13,91.0,21.0,26.0,57.4,7.3
631,27,10,133.25,71.625,2,33.0,143.0,204.0,92.0,5.8
632,27,11,196.25,103.625,9,40.0,22.0,29.0,100.0,5.7
633,27,9,72.5,40.75,5,6.0,68.0,18.0,62.5,6.7
634,27,11,206.5,108.75,13,91.0,21.0,26.0,57.4,7.3
635,27,9,113.75,61.375,3,113.0,41.0,20.0,80.5,7.3
636,27,11,152.5,81.75,10,5.0,62.0,23.0,66.5,4.7
637,27,8,80.0,44.0,12,38.0,60.0,76.0,17.8,8.9
638,27,11,190.5,100.75,9,40.0,22.0,29.0,100.0,5.7
639,27,10,164.5,87.25,10,5.0,62.0,23.0,66.5,4.7
640,27,10,181.5,95.75,15,86.0,40.0,39.0,88.2,6.2
641,27,10,155.0,82.5,10,5.0,62.0,23.0,66.5,4.7
642,27,12,203.75,107.875,13,91.0,21.0,26.0,57.4,7.3
643,27,10,158.75,84.375,10,5.0,62.0,23.0,66.5,4.7
644,27,11,203.75,107.375,13,91.0,21.0,26.0,57.4,7.3
645,28,12,40.75,26.375,4,95.0,7.0,45.0,90.8,6.0
646,28,10,85.75,47.875,7,58.0,73.0,16.0,65.7,6.9
647,28,8,71.0,39.5,5,6.0,68.0,18.0,62.5,6.7
648,28,9,65.5,37.25,5,6.0,68.0,18.0,62.5,6.7
649,28,13,40.75,26.875,6,36.0,44.0,21.0,51.3,4.5
650,28,11,47.5,29.25,6,36.0,44.0,21.0,51.3,4.5
651,28,11,40.0,25.5,4,95.0,7.0,45.0,90.8,6.0
652,28,12,34.25,23.125,4,95.0,7.0,45.0,90.8,6.0
653,28,11,64.75,37.875,5,6.0,68.0,18.0,62.5,6.7
654,28,11,59.75,35.375,5,6.0,68.0,18.0,62.5,6.7
655,28,10,66.75,38.375,5,6.0,68.0,18.0,62.5,6.7
656,28,8,68.5,38.25,5,6.0,68.0,18.0,62.5,6.7
657,28,11,68.5,39.75,5,6.0,68.0,18.0,62.5,6.7
658,29,7,291.5,149.25,8,97.0,59.0,43.0,84.0,6.3
659,31,12,48.25,30.125,6,36.0,44.0,21.0,51.3,4.5
660,31,9,90.25,49.625,7,58.0,73.0,16.0,65.7,6.9
661,31,16,89.5,52.75,7,58.0,73.0,16.0,65.7,6.9
662,31,8,105.5,56.75,3,113.0,41.0,20.0,80.5,7.3
663,31,14,101.0,57.5,3,113.0,41.0,20.0,80.5,7.3
664,31,15,82.5,48.75,7,58.0,73.0,16.0,65.7,6.9
665,31,17,47.5,32.25,5,6.0,68.0,18.0,62.5,6.7
666,31,17,89.0,53.0,7,58.0,73.0,16.0,65.7,6.9
667,31,14,95.25,54.625,1,19.0,123.0,200.0,81.0,6.2
668,31,13,82.5,47.75,7,58.0,73.0,16.0,65.7,6.9
669,31,12,80.0,46.0,7,58.0,73.0,16.0,65.7,6.9
670,31,16,76.75,46.375,7,58.0,73.0,16.0,65.7,6.9
671,31,16,82.5,49.25,7,58.0,73.0,16.0,65.7,6.9
672,31,13,82.5,47.75,7,58.0,73.0,16.0,65.7,6.9
673,31,9,80.0,44.5,7,58.0,73.0,16.0,65.7,6.9
674,31,16,59.75,37.875,5,6.0,68.0,18.0,62.5,6.7
675,31,10,62.75,36.375,5,6.0,68.0,18.0,62.5,6.7
676,31,9,118.0,63.5,3,113.0,41.0,20.0,80.5,7.3
677,31,14,86.25,50.125,7,58.0,73.0,16.0,65.7,6.9
678,31,14,89.0,51.5,7,58.0,73.0,16.0,65.7,6.9
679,31,8,87.0,47.5,7,58.0,73.0,16.0,65.7,6.9
680,31,14,105.5,59.75,3,113.0,41.0,20.0,80.5,7.3
681,31,11,55.25,33.125,5,6.0,68.0,18.0,62.5,6.7
682,31,11,44.5,27.75,6,36.0,44.0,21.0,51.3,4.5
683,31,12,89.0,50.5,7,58.0,73.0,16.0,65.7,6.9
684,31,14,62.75,38.375,5,6.0,68.0,18.0,62.5,6.7
685,31,13,64.25,38.625,5,6.0,68.0,18.0,62.5,6.7
686,31,7,113.0,60.0,3,113.0,41.0,20.0,80.5,7.3
687,31,11,68.0,39.5,5,6.0,68.0,18.0,62.5,6.7
688,31,11,76.25,43.625,12,38.0,60.0,76.0,17.8,8.9
689,31,13,45.75,29.375,6,36.0,44.0,21.0,51.3,4.5
690,32,9,285.75,147.375,8,97.0,59.0,43.0,84.0,6.3
691,32,9,297.75,153.375,8,97.0,59.0,43.0,84.0,6.3
692,32,9,298.5,153.75,8,97.0,59.0,43.0,84.0,6.3
693,32,7,210.75,108.875,13,91.0,21.0,26.0,57.4,7.3
694,32,6,283.25,144.625,8,97.0,59.0,43.0,84.0,6.3
695,32,8,289.5,148.75,8,97.0,59.0,43.0,84.0,6.3
696,32,9,298.5,153.75,8,97.0,59.0,43.0,84.0,6.3
697,32,9,296.5,152.75,8,97.0,59.0,43.0,84.0,6.3
698,32,9,292.0,150.5,8,97.0,59.0,43.0,84.0,6.3
699,32,9,285.75,147.375,8,97.0,59.0,43.0,84.0,6.3
700,33,14,291.5,152.75,8,97.0,59.0,43.0,84.0,6.3
701,33,17,271.25,144.125,8,97.0,59.0,43.0,84.0,6.3
702,33,16,286.5,151.25,8,97.0,59.0,43.0,84.0,6.3
703,33,15,289.5,152.25,8,97.0,59.0,43.0,84.0,6.3
704,33,15,292.75,153.875,8,97.0,59.0,43.0,84.0,6.3
705,33,15,292.75,153.875,8,97.0,59.0,43.0,84.0,6.3
706,33,16,279.5,147.75,8,97.0,59.0,43.0,84.0,6.3
707,33,16,282.5,149.25,8,97.0,59.0,43.0,84.0,6.3
708,34,8,93.25,50.625,7,58.0,73.0,16.0,65.7,6.9
709,34,7,111.0,59.0,3,113.0,41.0,20.0,80.5,7.3
710,34,6,86.25,46.125,7,58.0,73.0,16.0,65.7,6.9
711,34,7,71.0,39.0,5,6.0,68.0,18.0,62.5,6.7
712,34,6,83.75,44.875,7,58.0,73.0,16.0,65.7,6.9
713,34,8,78.75,43.375,12,38.0,60.0,76.0,17.8,8.9
714,34,5,89.5,47.25,7,58.0,73.0,16.0,65.7,6.9
715,34,7,87.0,47.0,7,58.0,73.0,16.0,65.7,6.9
716,34,5,99.75,52.375,7,58.0,73.0,16.0,65.7,6.9
717,34,7,126.25,66.625,11,109.0,91.0,53.0,83.5,6.0
718,34,6,71.0,38.5,5,6.0,68.0,18.0,62.5,6.7
719,34,6,82.0,44.0,12,38.0,60.0,76.0,17.8,8.9
720,34,8,93.25,50.625,7,58.0,73.0,16.0,65.7,6.9
721,34,6,84.5,45.25,7,58.0,73.0,16.0,65.7,6.9
722,34,7,65.5,36.25,5,6.0,68.0,18.0,62.5,6.7
723,34,6,101.0,53.5,7,58.0,73.0,16.0,65.7,6.9
724,34,7,91.5,49.25,7,58.0,73.0,16.0,65.7,6.9
725,34,6,90.75,48.375,7,58.0,73.0,16.0,65.7,6.9
726,34,7,88.25,47.625,7,58.0,73.0,16.0,65.7,6.9
727,34,7,96.0,51.5,7,58.0,73.0,16.0,65.7,6.9
728,34,7,125.75,66.375,11,109.0,91.0,53.0,83.5,6.0
729,34,7,83.25,45.125,7,58.0,73.0,16.0,65.7,6.9
730,34,7,93.25,50.125,7,58.0,73.0,16.0,65.7,6.9
731,34,7,63.5,35.25,5,6.0,68.0,18.0,62.5,6.7
732,34,7,80.0,43.5,12,38.0,60.0,76.0,17.8,8.9
733,34,7,87.0,47.0,7,58.0,73.0,16.0,65.7,6.9
734,34,7,82.5,44.75,7,58.0,73.0,16.0,65.7,6.9
735,34,6,89.0,47.5,7,58.0,73.0,16.0,65.7,6.9
736,34,6,91.5,48.75,7,58.0,73.0,16.0,65.7,6.9
737,34,7,85.0,46.0,7,58.0,73.0,16.0,65.7,6.9
738,34,6,103.5,54.75,1,19.0,123.0,200.0,81.0,6.2
739,34,6,93.25,49.625,7,58.0,73.0,16.0,65.7,6.9
740,34,6,85.75,45.875,7,58.0,73.0,16.0,65.7,6.9
741,34,7,120.0,63.5,3,113.0,41.0,20.0,80.5,7.3
742,34,6,82.5,44.25,7,58.0,73.0,16.0,65.7,6.9
743,34,8,134.5,71.25,2,33.0,143.0,204.0,92.0,5.8
744,34,5,85.75,45.375,7,58.0,73.0,16.0,65.7,6.9
745,34,7,128.25,67.625,2,33.0,143.0,204.0,92.0,5.8
746,34,7,92.75,49.875,7,58.0,73.0,16.0,65.7,6.9
747,34,8,96.5,52.25,7,58.0,73.0,16.0,65.7,6.9
748,34,7,86.25,46.625,7,58.0,73.0,16.0,65.7,6.9
749,34,6,96.5,51.25,7,58.0,73.0,16.0,65.7,6.9
750,34,7,95.25,51.125,7,58.0,73.0,16.0,65.7,6.9
751,34,5,86.25,45.625,7,58.0,73.0,16.0,65.7,6.9
752,34,7,101.5,54.25,1,19.0,123.0,200.0,81.0,6.2
753,34,6,99.0,52.5,7,58.0,73.0,16.0,65.7,6.9
754,34,6,94.0,50.0,7,58.0,73.0,16.0,65.7,6.9
755,34,6,68.5,37.25,5,6.0,68.0,18.0,62.5,6.7
756,35,12,277.5,144.75,8,97.0,59.0,43.0,84.0,6.3
757,35,12,292.0,152.0,8,97.0,59.0,43.0,84.0,6.3
758,35,12,280.0,146.0,8,97.0,59.0,43.0,84.0,6.3
759,35,12,290.75,151.375,8,97.0,59.0,43.0,84.0,6.3
760,35,13,284.5,148.75,8,97.0,59.0,43.0,84.0,6.3
761,35,12,280.0,146.0,8,97.0,59.0,43.0,84.0,6.3
762,35,12,285.75,148.875,8,97.0,59.0,43.0,84.0,6.3
763,35,12,214.0,113.0,13,91.0,21.0,26.0,57.4,7.3
764,35,12,292.75,152.375,8,97.0,59.0,43.0,84.0,6.3
765,35,12,279.5,145.75,8,97.0,59.0,43.0,84.0,6.3
766,36,15,152.5,83.75,10,5.0,62.0,23.0,66.5,4.7
767,36,14,118.0,66.0,11,109.0,91.0,53.0,83.5,6.0
768,36,16,154.25,85.125,10,5.0,62.0,23.0,66.5,4.7
769,36,15,190.5,102.75,9,40.0,22.0,29.0,100.0,5.7
770,36,16,205.75,110.875,13,91.0,21.0,26.0,57.4,7.3
771,36,12,82.5,47.25,7,58.0,73.0,16.0,65.7,6.9
772,36,16,205.0,110.5,13,91.0,21.0,26.0,57.4,7.3
773,36,17,201.25,109.125,13,91.0,21.0,26.0,57.4,7.3
774,36,14,164.5,89.25,10,5.0,62.0,23.0,66.5,4.7
775,36,14,144.25,79.125,14,25.0,76.0,24.0,24.9,5.6
776,36,15,203.75,109.375,13,91.0,21.0,26.0,57.4,7.3
777,36,16,144.25,80.125,14,25.0,76.0,24.0,24.9,5.6
778,36,14,125.75,69.875,2,33.0,143.0,204.0,92.0,5.8
779,36,17,160.0,88.5,10,5.0,62.0,23.0,66.5,4.7
780,36,17,205.0,111.0,13,91.0,21.0,26.0,57.4,7.3
781,36,15,207.0,111.0,13,91.0,21.0,26.0,57.4,7.3
782,36,16,163.25,89.625,10,5.0,62.0,23.0,66.5,4.7
783,36,16,289.0,152.5,8,97.0,59.0,43.0,84.0,6.3
784,36,15,161.25,88.125,10,5.0,62.0,23.0,66.5,4.7
785,36,16,289.5,152.75,8,97.0,59.0,43.0,84.0,6.3
786,36,15,152.5,83.75,10,5.0,62.0,23.0,66.5,4.7
787,36,16,273.75,144.875,8,97.0,59.0,43.0,84.0,6.3
788,36,13,106.0,59.5,3,113.0,41.0,20.0,80.5,7.3
789,36,17,188.0,102.5,9,40.0,22.0,29.0,100.0,5.7
790,36,14,146.75,80.375,16,34.0,10.0,14.0,92.1,6.7
791,36,14,146.75,80.375,16,34.0,10.0,14.0,92.1,6.7
792,37,8,108.0,58.0,3,113.0,41.0,20.0,80.5,7.3
793,37,8,66.0,37.0,5,6.0,68.0,18.0,62.5,6.7
794,37,7,112.5,59.75,3,113.0,41.0,20.0,80.5,7.3
795,37,11,287.0,149.0,8,97.0,59.0,43.0,84.0,6.3
796,37,11,54.5,32.75,5,6.0,68.0,18.0,62.5,6.7
797,37,7,99.75,53.375,7,58.0,73.0,16.0,65.7,6.9
798,37,8,64.25,36.125,5,6.0,68.0,18.0,62.5,6.7
799,37,11,188.5,99.75,9,40.0,22.0,29.0,100.0,5.7
800,37,9,93.25,51.125,7,58.0,73.0,16.0,65.7,6.9
801,37,8,126.25,67.125,2,33.0,143.0,204.0,92.0,5.8
802,37,8,64.75,36.375,5,6.0,68.0,18.0,62.5,6.7
803,37,9,71.0,40.0,5,6.0,68.0,18.0,62.5,6.7
804,37,11,68.0,39.5,5,6.0,68.0,18.0,62.5,6.7
805,37,11,63.5,37.25,5,6.0,68.0,18.0,62.5,6.7
806,37,10,105.5,57.75,3,113.0,41.0,20.0,80.5,7.3
807,37,8,150.5,79.25,14,25.0,76.0,24.0,24.9,5.6
808,37,7,130.75,68.875,2,33.0,143.0,204.0,92.0,5.8
809,37,10,103.5,56.75,3,113.0,41.0,20.0,80.5,7.3
810,38,12,282.0,147.0,8,97.0,59.0,43.0,84.0,6.3
811,38,11,296.0,153.5,8,97.0,59.0,43.0,84.0,6.3
812,38,11,289.0,150.0,8,97.0,59.0,43.0,84.0,6.3
813,38,10,294.75,152.375,8,97.0,59.0,43.0,84.0,6.3
814,38,9,292.0,150.5,8,97.0,59.0,43.0,84.0,6.3
815,38,10,279.5,144.75,8,97.0,59.0,43.0,84.0,6.3
816,38,9,297.25,153.125,8,97.0,59.0,43.0,84.0,6.3
817,38,10,286.5,148.25,8,97.0,59.0,43.0,84.0,6.3
818,38,12,278.25,145.125,8,97.0,59.0,43.0,84.0,6.3
819,38,11,289.0,150.0,8,97.0,59.0,43.0,84.0,6.3
820,38,11,292.75,151.875,8,97.0,59.0,43.0,84.0,6.3
821,38,10,280.0,145.0,8,97.0,59.0,43.0,84.0,6.3
822,38,9,297.75,153.375,8,97.0,59.0,43.0,84.0,6.3
823,38,10,296.5,153.25,8,97.0,59.0,43.0,84.0,6.3
824,38,11,282.0,146.5,8,97.0,59.0,43.0,84.0,6.3
825,40,16,288.25,152.125,8,97.0,59.0,43.0,84.0,6.3
826,40,17,279.5,148.25,8,97.0,59.0,43.0,84.0,6.3
827,40,17,282.0,149.5,8,97.0,59.0,43.0,84.0,6.3
828,40,17,285.75,151.375,8,97.0,59.0,43.0,84.0,6.3
829,40,17,282.0,149.5,8,97.0,59.0,43.0,84.0,6.3
830,40,16,278.25,147.125,8,97.0,59.0,43.0,84.0,6.3
831,41,9,114.25,61.625,3,113.0,41.0,20.0,80.5,7.3
832,41,9,131.5,70.25,2,33.0,143.0,204.0,92.0,5.8
833,41,9,116.75,62.875,3,113.0,41.0,20.0,80.5,7.3
834,41,10,132.75,71.375,2,33.0,143.0,204.0,92.0,5.8
835,41,8,129.0,68.5,2,33.0,143.0,204.0,92.0,5.8
836,41,10,115.0,62.5,3,113.0,41.0,20.0,80.5,7.3
837,41,9,120.75,64.875,3,113.0,41.0,20.0,80.5,7.3
838,41,8,91.5,49.75,7,58.0,73.0,16.0,65.7,6.9
839,41,10,123.25,66.625,11,109.0,91.0,53.0,83.5,6.0
840,41,8,157.5,82.75,10,5.0,62.0,23.0,66.5,4.7
841,41,9,140.25,74.625,2,33.0,143.0,204.0,92.0,5.8
842,41,8,99.75,53.875,7,58.0,73.0,16.0,65.7,6.9
843,41,8,107.25,57.625,3,113.0,41.0,20.0,80.5,7.3
844,41,9,120.75,64.875,3,113.0,41.0,20.0,80.5,7.3
845,41,7,157.5,82.25,10,5.0,62.0,23.0,66.5,4.7
846,41,9,96.0,52.5,7,58.0,73.0,16.0,65.7,6.9
847,41,9,122.0,65.5,11,109.0,91.0,53.0,83.5,6.0
848,41,8,111.0,59.5,3,113.0,41.0,20.0,80.5,7.3
849,41,9,99.0,54.0,7,58.0,73.0,16.0,65.7,6.9
850,41,8,119.5,63.75,3,113.0,41.0,20.0,80.5,7.3
851,41,8,191.75,99.875,9,40.0,22.0,29.0,100.0,5.7
852,41,10,120.75,65.375,11,109.0,91.0,53.0,83.5,6.0
853,41,9,83.75,46.375,7,58.0,73.0,16.0,65.7,6.9
854,41,8,169.0,88.5,10,5.0,62.0,23.0,66.5,4.7
855,41,9,128.25,68.625,2,33.0,143.0,204.0,92.0,5.8
856,41,9,122.5,65.75,11,109.0,91.0,53.0,83.5,6.0
857,41,9,98.5,53.75,7,58.0,73.0,16.0,65.7,6.9
858,41,9,134.0,71.5,2,33.0,143.0,204.0,92.0,5.8
859,41,9,109.25,59.125,3,113.0,41.0,20.0,80.5,7.3
860,41,10,96.5,53.25,7,58.0,73.0,16.0,65.7,6.9
861,41,9,122.5,65.75,11,109.0,91.0,53.0,83.5,6.0
862,41,10,107.25,58.625,3,113.0,41.0,20.0,80.5,7.3
863,41,8,146.75,77.375,14,25.0,76.0,24.0,24.9,5.6
864,41,8,133.25,70.625,2,33.0,143.0,204.0,92.0,5.8
865,41,7,127.0,67.0,2,33.0,143.0,204.0,92.0,5.8
866,41,9,170.75,89.875,10,5.0,62.0,23.0,66.5,4.7
867,41,10,121.25,65.625,11,109.0,91.0,53.0,83.5,6.0
868,41,9,131.5,70.25,2,33.0,143.0,204.0,92.0,5.8
869,41,7,101.5,54.25,1,19.0,123.0,200.0,81.0,6.2
870,41,7,146.0,76.5,2,33.0,143.0,204.0,92.0,5.8
871,41,9,84.5,46.75,7,58.0,73.0,16.0,65.7,6.9
872,41,10,113.0,61.5,3,113.0,41.0,20.0,80.5,7.3
873,41,8,124.5,66.25,11,109.0,91.0,53.0,83.5,6.0
874,41,8,146.75,77.375,14,25.0,76.0,24.0,24.9,5.6
875,41,10,97.75,53.875,7,58.0,73.0,16.0,65.7,6.9
876,41,9,96.5,52.75,7,58.0,73.0,16.0,65.7,6.9
877,41,8,88.25,48.125,7,58.0,73.0,16.0,65.7,6.9
878,41,8,95.25,51.625,7,58.0,73.0,16.0,65.7,6.9
879,41,8,172.75,90.375,10,5.0,62.0,23.0,66.5,4.7
880,41,9,117.5,63.25,3,113.0,41.0,20.0,80.5,7.3
881,41,9,132.75,70.875,2,33.0,143.0,204.0,92.0,5.8
882,41,9,90.25,49.625,7,58.0,73.0,16.0,65.7,6.9
883,41,9,92.75,50.875,7,58.0,73.0,16.0,65.7,6.9
884,41,10,123.75,66.875,2,33.0,143.0,204.0,92.0,5.8
885,41,10,119.5,64.75,3,113.0,41.0,20.0,80.5,7.3
886,41,9,150.5,79.75,14,25.0,76.0,24.0,24.9,5.6
887,41,9,143.0,76.0,2,33.0,143.0,204.0,92.0,5.8
888,41,8,106.0,57.0,3,113.0,41.0,20.0,80.5,7.3
889,41,10,137.75,73.875,2,33.0,143.0,204.0,92.0,5.8
890,41,9,89.0,49.0,7,58.0,73.0,16.0,65.7,6.9
891,43,17,84.5,50.75,7,58.0,73.0,16.0,65.7,6.9
892,43,15,126.25,70.625,2,33.0,143.0,204.0,92.0,5.8
893,43,21,188.5,104.75,9,40.0,22.0,29.0,100.0,5.7
894,43,14,113.0,63.5,3,113.0,41.0,20.0,80.5,7.3
895,43,19,198.75,108.875,13,91.0,21.0,26.0,57.4,7.3
896,43,20,275.5,147.75,8,97.0,59.0,43.0,84.0,6.3
897,43,17,166.25,91.625,10,5.0,62.0,23.0,66.5,4.7
898,43,22,268.0,145.0,8,97.0,59.0,43.0,84.0,6.3
899,43,19,197.5,108.25,13,91.0,21.0,26.0,57.4,7.3
900,43,17,139.75,78.375,14,25.0,76.0,24.0,24.9,5.6
901,43,19,270.5,144.75,8,97.0,59.0,43.0,84.0,6.3
902,43,19,72.5,45.75,7,58.0,73.0,16.0,65.7,6.9
903,43,16,127.75,71.875,2,33.0,143.0,204.0,92.0,5.8
904,43,23,158.75,90.875,10,5.0,62.0,23.0,66.5,4.7
905,43,18,165.0,91.5,10,5.0,62.0,23.0,66.5,4.7
906,43,19,280.0,149.5,8,97.0,59.0,43.0,84.0,6.3
907,43,19,207.75,113.375,13,91.0,21.0,26.0,57.4,7.3
908,43,17,190.5,103.75,9,40.0,22.0,29.0,100.0,5.7
909,43,18,289.5,153.75,8,97.0,59.0,43.0,84.0,6.3
910,43,14,122.0,68.0,2,33.0,143.0,204.0,92.0,5.8
911,43,14,111.75,62.875,3,113.0,41.0,20.0,80.5,7.3
912,43,17,132.75,74.875,2,33.0,143.0,204.0,92.0,5.8
913,43,17,188.0,102.5,9,40.0,22.0,29.0,100.0,5.7
914,43,15,106.0,60.5,3,113.0,41.0,20.0,80.5,7.3
915,43,18,129.5,73.75,2,33.0,143.0,204.0,92.0,5.8
916,43,18,165.0,91.5,10,5.0,62.0,23.0,66.5,4.7
917,43,16,149.75,82.875,10,5.0,62.0,23.0,66.5,4.7
918,43,18,198.75,108.375,13,91.0,21.0,26.0,57.4,7.3
919,43,18,159.5,88.75,10,5.0,62.0,23.0,66.5,4.7
920,43,18,198.0,108.0,13,91.0,21.0,26.0,57.4,7.3
921,43,17,136.0,76.5,2,33.0,143.0,204.0,92.0,5.8
922,43,19,69.75,44.375,7,58.0,73.0,16.0,65.7,6.9
923,43,16,125.75,70.875,2,33.0,143.0,204.0,92.0,5.8
924,43,17,82.5,49.75,7,58.0,73.0,16.0,65.7,6.9
925,43,13,80.0,46.5,7,58.0,73.0,16.0,65.7,6.9
926,43,16,114.25,65.125,11,109.0,91.0,53.0,83.5,6.0
927,43,14,95.25,54.625,1,19.0,123.0,200.0,81.0,6.2
928,43,17,136.0,76.5,2,33.0,143.0,204.0,92.0,5.8
929,43,22,135.25,78.625,14,25.0,76.0,24.0,24.9,5.6
930,43,16,148.0,82.0,10,5.0,62.0,23.0,66.5,4.7
931,43,18,75.0,46.5,7,58.0,73.0,16.0,65.7,6.9
932,43,18,153.0,85.5,10,5.0,62.0,23.0,66.5,4.7
933,43,18,58.5,38.25,5,6.0,68.0,18.0,62.5,6.7
934,43,17,158.75,87.875,10,5.0,62.0,23.0,66.5,4.7
935,43,15,129.5,72.25,2,33.0,143.0,204.0,92.0,5.8
936,43,17,155.0,86.0,10,5.0,62.0,23.0,66.5,4.7
937,43,18,288.25,153.125,8,97.0,59.0,43.0,84.0,6.3
938,43,21,157.5,89.25,10,5.0,62.0,23.0,66.5,4.7
939,43,16,96.0,56.0,3,113.0,41.0,20.0,80.5,7.3
940,43,17,133.25,75.125,2,33.0,143.0,204.0,92.0,5.8
941,43,18,193.75,105.875,9,40.0,22.0,29.0,100.0,5.7
942,43,17,114.25,65.625,11,109.0,91.0,53.0,83.5,6.0
943,43,21,268.5,144.75,8,97.0,59.0,43.0,84.0,6.3
944,43,14,150.5,82.25,10,5.0,62.0,23.0,66.5,4.7
945,43,17,275.0,146.0,8,97.0,59.0,43.0,84.0,6.3
946,43,15,125.75,70.375,2,33.0,143.0,204.0,92.0,5.8
947,43,17,136.0,76.5,2,33.0,143.0,204.0,92.0,5.8
948,43,18,183.0,100.5,9,40.0,22.0,29.0,100.0,5.7
949,43,14,108.0,61.0,3,113.0,41.0,20.0,80.5,7.3
950,43,17,155.5,86.25,10,5.0,62.0,23.0,66.5,4.7
951,43,13,80.75,46.875,7,58.0,73.0,16.0,65.7,6.9
952,43,14,139.75,76.875,14,25.0,76.0,24.0,24.9,5.6
953,43,18,289.0,153.5,8,97.0,59.0,43.0,84.0,6.3
954,43,24,196.75,110.375,13,91.0,21.0,26.0,57.4,7.3
955,43,15,111.0,63.0,3,113.0,41.0,20.0,80.5,7.3
956,43,17,279.5,148.25,8,97.0,59.0,43.0,84.0,6.3
957,43,17,127.75,72.375,2,33.0,143.0,204.0,92.0,5.8
958,43,17,73.75,45.375,7,58.0,73.0,16.0,65.7,6.9
959,43,15,108.5,61.75,3,113.0,41.0,20.0,80.5,7.3
960,43,18,139.0,78.5,14,25.0,76.0,24.0,24.9,5.6
961,43,23,143.5,83.25,10,5.0,62.0,23.0,66.5,4.7
962,43,23,200.0,111.5,13,91.0,21.0,26.0,57.4,7.3
963,43,18,209.0,113.5,13,91.0,21.0,26.0,57.4,7.3
964,43,17,158.0,87.5,10,5.0,62.0,23.0,66.5,4.7
965,43,18,272.5,145.25,8,97.0,59.0,43.0,84.0,6.3
966,43,23,185.5,104.25,9,40.0,22.0,29.0,100.0,5.7
967,43,17,140.25,78.625,14,25.0,76.0,24.0,24.9,5.6
968,43,18,196.75,107.375,13,91.0,21.0,26.0,57.4,7.3
969,43,18,162.0,90.0,10,5.0,62.0,23.0,66.5,4.7
970,43,17,136.0,76.5,2,33.0,143.0,204.0,92.0,5.8
971,43,21,122.0,71.5,2,33.0,143.0,204.0,92.0,5.8
972,43,23,174.5,98.75,9,40.0,22.0,29.0,100.0,5.7
973,43,17,156.25,86.625,10,5.0,62.0,23.0,66.5,4.7
974,43,17,288.25,152.625,8,97.0,59.0,43.0,84.0,6.3
975,43,14,117.5,65.75,11,109.0,91.0,53.0,83.5,6.0
976,43,18,200.75,109.375,13,91.0,21.0,26.0,57.4,7.3
977,43,22,149.75,85.875,10,5.0,62.0,23.0,66.5,4.7
978,43,18,278.25,148.125,8,97.0,59.0,43.0,84.0,6.3
979,43,14,135.25,74.625,2,33.0,143.0,204.0,92.0,5.8
980,43,19,182.25,100.625,9,40.0,22.0,29.0,100.0,5.7
981,43,18,62.25,40.125,5,6.0,68.0,18.0,62.5,6.7
982,43,16,120.75,68.375,2,33.0,143.0,204.0,92.0,5.8
983,43,16,116.75,66.375,11,109.0,91.0,53.0,83.5,6.0
984,43,18,177.75,97.875,9,40.0,22.0,29.0,100.0,5.7
985,43,22,186.0,104.0,9,40.0,22.0,29.0,100.0,5.7
986,43,17,104.75,60.875,3,113.0,41.0,20.0,80.5,7.3
987,43,18,159.5,88.75,10,5.0,62.0,23.0,66.5,4.7
988,43,22,120.75,71.375,2,33.0,143.0,204.0,92.0,5.8
989,43,18,162.5,90.25,10,5.0,62.0,23.0,66.5,4.7
990,43,18,90.25,54.125,7,58.0,73.0,16.0,65.7,6.9
991,43,17,192.5,104.75,9,40.0,22.0,29.0,100.0,5.7
992,43,14,94.5,54.25,1,19.0,123.0,200.0,81.0,6.2
993,43,16,133.25,74.625,2,33.0,143.0,204.0,92.0,5.8
994,43,14,121.25,67.625,2,33.0,143.0,204.0,92.0,5.8
995,43,14,80.75,47.375,7,58.0,73.0,16.0,65.7,6.9
996,43,14,106.0,60.0,3,113.0,41.0,20.0,80.5,7.3
997,43,18,73.0,45.5,7,58.0,73.0,16.0,65.7,6.9
998,43,14,103.5,58.75,3,113.0,41.0,20.0,80.5,7.3
999,43,18,81.25,49.625,7,58.0,73.0,16.0,65.7,6.9
1000,43,18,272.5,145.25,8,97.0,59.0,43.0,84.0,6.3
1001,43,14,120.75,67.375,2,33.0,143.0,204.0,92.0,5.8
1002,43,18,108.0,63.0,3,113.0,41.0,20.0,80.5,7.3
1003,43,18,75.0,46.5,7,58.0,73.0,16.0,65.7,6.9
1004,43,15,134.0,74.5,2,33.0,143.0,204.0,92.0,5.8
1005,43,19,278.75,148.875,8,97.0,59.0,43.0,84.0,6.3
1006,43,18,157.5,87.75,10,5.0,62.0,23.0,66.5,4.7
1007,43,18,177.75,97.875,9,40.0,22.0,29.0,100.0,5.7
1008,43,18,154.25,86.125,10,5.0,62.0,23.0,66.5,4.7
1009,43,17,162.0,89.5,10,5.0,62.0,23.0,66.5,4.7
1010,43,17,184.75,100.875,9,40.0,22.0,29.0,100.0,5.7
1011,43,14,89.0,51.5,7,58.0,73.0,16.0,65.7,6.9
1012,43,17,123.25,70.125,2,33.0,143.0,204.0,92.0,5.8
1013,43,17,140.25,78.625,14,25.0,76.0,24.0,24.9,5.6
1014,43,18,146.75,82.375,10,5.0,62.0,23.0,66.5,4.7
1015,43,14,118.0,66.0,11,109.0,91.0,53.0,83.5,6.0
1016,43,18,209.5,113.75,13,91.0,21.0,26.0,57.4,7.3
1017,43,16,102.75,59.375,3,113.0,41.0,20.0,80.5,7.3
1018,43,17,179.0,98.0,9,40.0,22.0,29.0,100.0,5.7
1019,43,18,150.5,84.25,10,5.0,62.0,23.0,66.5,4.7
1020,43,18,76.25,47.125,7,58.0,73.0,16.0,65.7,6.9
1021,43,21,150.5,85.75,10,5.0,62.0,23.0,66.5,4.7
1022,43,20,84.5,52.25,7,58.0,73.0,16.0,65.7,6.9
1023,43,18,284.5,151.25,8,97.0,59.0,43.0,84.0,6.3
1024,43,19,62.25,40.625,5,6.0,68.0,18.0,62.5,6.7
1025,43,22,125.0,73.5,2,33.0,143.0,204.0,92.0,5.8
1026,43,15,152.5,83.75,10,5.0,62.0,23.0,66.5,4.7
1027,43,17,183.0,100.0,9,40.0,22.0,29.0,100.0,5.7
1028,43,17,174.5,95.75,15,86.0,40.0,39.0,88.2,6.2
1029,43,18,63.5,40.75,5,6.0,68.0,18.0,62.5,6.7
1030,43,18,209.5,113.75,13,91.0,21.0,26.0,57.4,7.3
1031,43,18,282.5,150.25,8,97.0,59.0,43.0,84.0,6.3
1032,43,17,199.5,108.25,13,91.0,21.0,26.0,57.4,7.3
1033,43,23,101.5,62.25,3,113.0,41.0,20.0,80.5,7.3
1034,44,9,62.75,35.875,5,6.0,68.0,18.0,62.5,6.7
1035,44,7,144.75,75.875,2,33.0,143.0,204.0,92.0,5.8
1036,44,8,98.5,53.25,7,58.0,73.0,16.0,65.7,6.9
1037,44,6,95.25,50.625,7,58.0,73.0,16.0,65.7,6.9
1038,44,10,137.75,73.875,2,33.0,143.0,204.0,92.0,5.8
1039,44,6,111.75,58.875,3,113.0,41.0,20.0,80.5,7.3
1040,44,11,58.5,34.75,5,6.0,68.0,18.0,62.5,6.7
1041,44,10,85.0,47.5,7,58.0,73.0,16.0,65.7,6.9
1042,44,11,66.75,38.875,5,6.0,68.0,18.0,62.5,6.7
1043,44,12,65.5,38.75,5,6.0,68.0,18.0,62.5,6.7
1044,44,11,61.0,36.0,5,6.0,68.0,18.0,62.5,6.7
1045,44,7,141.5,74.25,2,33.0,143.0,204.0,92.0,5.8
1046,44,7,100.25,53.625,7,58.0,73.0,16.0,65.7,6.9
1047,44,6,90.25,48.125,7,58.0,73.0,16.0,65.7,6.9
1048,44,10,126.25,68.125,2,33.0,143.0,204.0,92.0,5.8
1049,44,12,58.5,35.25,5,6.0,68.0,18.0,62.5,6.7
1050,44,7,106.0,56.5,3,113.0,41.0,20.0,80.5,7.3
1051,44,8,99.0,53.5,7,58.0,73.0,16.0,65.7,6.9
1052,44,4,160.75,82.375,10,5.0,62.0,23.0,66.5,4.7
1053,44,11,55.25,33.125,5,6.0,68.0,18.0,62.5,6.7
1054,44,9,108.0,58.5,3,113.0,41.0,20.0,80.5,7.3
1055,44,6,149.75,77.875,14,25.0,76.0,24.0,24.9,5.6
1056,44,14,83.75,48.875,7,58.0,73.0,16.0,65.7,6.9
1057,44,11,62.75,36.875,5,6.0,68.0,18.0,62.5,6.7
1058,44,8,132.75,70.375,2,33.0,143.0,204.0,92.0,5.8
1059,45,8,210.75,109.375,13,91.0,21.0,26.0,57.4,7.3
1060,45,8,217.75,112.875,13,91.0,21.0,26.0,57.4,7.3
1061,45,9,208.25,108.625,13,91.0,21.0,26.0,57.4,7.3
1062,45,7,288.25,147.625,8,97.0,59.0,43.0,84.0,6.3
1063,46,12,289.5,150.75,8,97.0,59.0,43.0,84.0,6.3
1064,46,12,291.5,151.75,8,97.0,59.0,43.0,84.0,6.3
1065,46,11,291.5,151.25,8,97.0,59.0,43.0,84.0,6.3
1066,46,11,280.0,145.5,8,97.0,59.0,43.0,84.0,6.3
1067,46,14,292.0,153.0,8,97.0,59.0,43.0,84.0,6.3
1068,46,13,275.5,144.25,8,97.0,59.0,43.0,84.0,6.3
1069,46,12,290.25,151.125,8,97.0,59.0,43.0,84.0,6.3
1070,46,12,279.5,145.75,8,97.0,59.0,43.0,84.0,6.3
1071,46,14,293.25,153.625,8,97.0,59.0,43.0,84.0,6.3
1072,46,14,274.25,144.125,8,97.0,59.0,43.0,84.0,6.3
1073,46,12,284.5,148.25,8,97.0,59.0,43.0,84.0,6.3
1074,46,13,285.0,149.0,8,97.0,59.0,43.0,84.0,6.3
1075,46,12,279.5,145.75,8,97.0,59.0,43.0,84.0,6.3
1076,46,12,285.75,148.875,8,97.0,59.0,43.0,84.0,6.3
1077,46,11,295.25,153.125,8,97.0,59.0,43.0,84.0,6.3
1078,46,15,275.0,145.0,8,97.0,59.0,43.0,84.0,6.3
1079,46,11,289.0,150.0,8,97.0,59.0,43.0,84.0,6.3
1080,46,13,292.0,152.5,8,97.0,59.0,43.0,84.0,6.3
1081,46,13,283.25,148.125,8,97.0,59.0,43.0,84.0,6.3
1082,46,15,276.75,145.875,8,97.0,59.0,43.0,84.0,6.3
1083,46,14,290.75,152.375,8,97.0,59.0,43.0,84.0,6.3
1084,46,14,275.0,144.5,8,97.0,59.0,43.0,84.0,6.3
1085,46,14,282.0,148.0,8,97.0,59.0,43.0,84.0,6.3
1086,46,13,277.5,145.25,8,97.0,59.0,43.0,84.0,6.3
1087,47,11,44.5,27.75,6,36.0,44.0,21.0,51.3,4.5
1088,47,12,36.25,24.125,4,95.0,7.0,45.0,90.8,6.0
1089,47,9,123.75,66.375,11,109.0,91.0,53.0,83.5,6.0
1090,47,9,55.25,32.125,5,6.0,68.0,18.0,62.5,6.7
1091,47,7,107.25,57.125,3,113.0,41.0,20.0,80.5,7.3
1092,47,12,37.5,24.75,4,95.0,7.0,45.0,90.8,6.0
1093,47,10,92.0,51.0,7,58.0,73.0,16.0,65.7,6.9
1094,47,11,35.5,23.25,4,95.0,7.0,45.0,90.8,6.0
1095,47,11,291.5,151.25,8,97.0,59.0,43.0,84.0,6.3
1096,47,10,112.5,61.25,3,113.0,41.0,20.0,80.5,7.3
1097,47,9,52.0,30.5,6,36.0,44.0,21.0,51.3,4.5
1098,47,7,134.5,70.75,2,33.0,143.0,204.0,92.0,5.8
1099,47,7,169.0,88.0,10,5.0,62.0,23.0,66.5,4.7
1100,47,11,183.5,97.25,9,40.0,22.0,29.0,100.0,5.7
1101,47,9,92.0,50.5,7,58.0,73.0,16.0,65.7,6.9
1102,47,8,112.5,60.25,3,113.0,41.0,20.0,80.5,7.3
1103,47,12,63.5,37.75,5,6.0,68.0,18.0,62.5,6.7
1104,47,11,82.0,46.5,7,58.0,73.0,16.0,65.7,6.9
1105,47,9,140.25,74.625,2,33.0,143.0,204.0,92.0,5.8
1106,48,12,284.5,148.25,8,97.0,59.0,43.0,84.0,6.3
1107,48,13,287.0,150.0,8,97.0,59.0,43.0,84.0,6.3
1108,48,13,287.0,150.0,8,97.0,59.0,43.0,84.0,6.3
1109,48,12,288.25,150.125,8,97.0,59.0,43.0,84.0,6.3
1110,48,12,279.5,145.75,8,97.0,59.0,43.0,84.0,6.3
1111,48,13,278.25,145.625,8,97.0,59.0,43.0,84.0,6.3
1112,48,13,288.25,150.625,8,97.0,59.0,43.0,84.0,6.3
1113,48,12,285.75,148.875,8,97.0,59.0,43.0,84.0,6.3
1114,48,12,289.0,150.5,8,97.0,59.0,43.0,84.0,6.3
1115,48,12,280.0,146.0,8,97.0,59.0,43.0,84.0,6.3
1116,48,11,296.0,153.5,8,97.0,59.0,43.0,84.0,6.3
1117,48,12,285.75,148.875,8,97.0,59.0,43.0,84.0,6.3
1118,48,12,294.75,153.375,8,97.0,59.0,43.0,84.0,6.3
1119,48,11,283.25,147.125,8,97.0,59.0,43.0,84.0,6.3
1120,48,11,277.5,144.25,8,97.0,59.0,43.0,84.0,6.3
1121,48,12,278.75,145.375,8,97.0,59.0,43.0,84.0,6.3
1122,48,12,278.75,145.375,8,97.0,59.0,43.0,84.0,6.3
1123,48,12,286.5,149.25,8,97.0,59.0,43.0,84.0,6.3
1124,48,12,295.25,153.625,8,97.0,59.0,43.0,84.0,6.3
1125,49,8,196.25,102.125,9,40.0,22.0,29.0,100.0,5.7
1126,49,7,184.75,95.875,15,86.0,40.0,39.0,88.2,6.2
1127,49,6,152.5,79.25,14,25.0,76.0,24.0,24.9,5.6
1128,49,8,209.0,108.5,13,91.0,21.0,26.0,57.4,7.3
1129,49,8,188.0,98.0,9,40.0,22.0,29.0,100.0,5.7
1130,49,7,156.75,81.875,10,5.0,62.0,23.0,66.5,4.7
1131,49,8,219.0,113.5,13,91.0,21.0,26.0,57.4,7.3
1132,49,7,197.5,102.25,9,40.0,22.0,29.0,100.0,5.7
1133,49,8,209.5,108.75,13,91.0,21.0,26.0,57.4,7.3
1134,49,9,165.0,87.0,10,5.0,62.0,23.0,66.5,4.7
1135,49,9,190.5,99.75,9,40.0,22.0,29.0,100.0,5.7
1136,49,9,171.5,90.25,10,5.0,62.0,23.0,66.5,4.7
1137,49,9,173.25,91.125,10,5.0,62.0,23.0,66.5,4.7
1138,49,8,175.25,91.625,10,5.0,62.0,23.0,66.5,4.7
1139,49,6,162.0,84.0,10,5.0,62.0,23.0,66.5,4.7
1140,49,8,186.0,97.0,9,40.0,22.0,29.0,100.0,5.7
1141,49,8,196.75,102.375,9,40.0,22.0,29.0,100.0,5.7
1142,49,9,192.5,100.75,9,40.0,22.0,29.0,100.0,5.7
1143,49,6,185.5,95.75,15,86.0,40.0,39.0,88.2,6.2
1144,49,9,186.75,97.875,9,40.0,22.0,29.0,100.0,5.7
1145,49,9,158.75,83.875,10,5.0,62.0,23.0,66.5,4.7
1146,49,5,170.75,87.875,10,5.0,62.0,23.0,66.5,4.7
1147,49,8,214.75,111.375,13,91.0,21.0,26.0,57.4,7.3
1148,49,9,169.5,89.25,10,5.0,62.0,23.0,66.5,4.7
1149,49,8,203.75,105.875,9,40.0,22.0,29.0,100.0,5.7
1150,49,10,148.0,79.0,14,25.0,76.0,24.0,24.9,5.6
1151,49,8,198.75,103.375,9,40.0,22.0,29.0,100.0,5.7
1152,49,9,174.0,91.5,10,5.0,62.0,23.0,66.5,4.7
1153,49,6,211.5,108.75,13,91.0,21.0,26.0,57.4,7.3
1154,49,6,210.75,108.375,13,91.0,21.0,26.0,57.4,7.3
1155,49,8,215.25,111.625,13,91.0,21.0,26.0,57.4,7.3
1156,49,7,168.25,87.625,10,5.0,62.0,23.0,66.5,4.7
1157,49,7,201.25,104.125,9,40.0,22.0,29.0,100.0,5.7
1158,49,10,161.25,85.625,10,5.0,62.0,23.0,66.5,4.7
1159,49,8,210.25,109.125,13,91.0,21.0,26.0,57.4,7.3
1160,49,7,189.75,98.375,9,40.0,22.0,29.0,100.0,5.7
1161,49,6,196.25,101.125,9,40.0,22.0,29.0,100.0,5.7
1162,49,8,216.0,112.0,13,91.0,21.0,26.0,57.4,7.3
1163,49,9,170.25,89.625,10,5.0,62.0,23.0,66.5,4.7
1164,49,8,171.5,89.75,10,5.0,62.0,23.0,66.5,4.7
1165,49,8,163.25,85.625,10,5.0,62.0,23.0,66.5,4.7
1166,49,7,165.0,86.0,10,5.0,62.0,23.0,66.5,4.7
1167,49,6,172.0,89.0,10,5.0,62.0,23.0,66.5,4.7
1168,49,7,193.75,100.375,9,40.0,22.0,29.0,100.0,5.7
1169,49,8,171.5,89.75,10,5.0,62.0,23.0,66.5,4.7
1170,49,6,176.0,91.0,10,5.0,62.0,23.0,66.5,4.7
1171,49,8,215.25,111.625,13,91.0,21.0,26.0,57.4,7.3
1172,49,9,191.25,100.125,9,40.0,22.0,29.0,100.0,5.7
1173,49,7,203.25,105.125,9,40.0,22.0,29.0,100.0,5.7
1174,49,8,203.25,105.625,9,40.0,22.0,29.0,100.0,5.7
1175,49,8,204.5,106.25,13,91.0,21.0,26.0,57.4,7.3
1176,49,9,165.75,87.375,10,5.0,62.0,23.0,66.5,4.7
1177,49,6,174.5,90.25,10,5.0,62.0,23.0,66.5,4.7
1178,49,8,174.5,91.25,10,5.0,62.0,23.0,66.5,4.7
1179,49,9,170.25,89.625,10,5.0,62.0,23.0,66.5,4.7
1180,49,8,200.0,104.0,9,40.0,22.0,29.0,100.0,5.7
1181,49,9,216.5,112.75,13,91.0,21.0,26.0,57.4,7.3
1182,50,5,82.5,43.75,12,38.0,60.0,76.0,17.8,8.9
1183,50,7,63.5,35.25,5,6.0,68.0,18.0,62.5,6.7
1184,50,8,62.25,35.125,5,6.0,68.0,18.0,62.5,6.7
1185,50,6,92.75,49.375,7,58.0,73.0,16.0,65.7,6.9
1186,50,8,71.75,39.875,5,6.0,68.0,18.0,62.5,6.7
1187,50,6,90.25,48.125,7,58.0,73.0,16.0,65.7,6.9
1188,50,7,80.0,43.5,12,38.0,60.0,76.0,17.8,8.9
1189,50,7,69.75,38.375,5,6.0,68.0,18.0,62.5,6.7
1190,50,8,88.25,48.125,7,58.0,73.0,16.0,65.7,6.9
1191,50,4,120.75,62.375,3,113.0,41.0,20.0,80.5,7.3
1192,50,8,92.75,50.375,7,58.0,73.0,16.0,65.7,6.9
1193,50,4,111.75,57.875,3,113.0,41.0,20.0,80.5,7.3
1194,50,8,73.0,40.5,5,6.0,68.0,18.0,62.5,6.7
1195,50,7,85.75,46.375,7,58.0,73.0,16.0,65.7,6.9
1196,50,3,102.25,52.625,7,58.0,73.0,16.0,65.7,6.9
1197,50,6,58.5,32.25,5,6.0,68.0,18.0,62.5,6.7
1198,50,2,190.5,96.25,9,40.0,22.0,29.0,100.0,5.7
1199,50,5,75.0,40.0,5,6.0,68.0,18.0,62.5,6.7
1200,50,7,68.0,37.5,5,6.0,68.0,18.0,62.5,6.7
1201,50,8,82.0,45.0,7,58.0,73.0,16.0,65.7,6.9
1202,2,-1,154.25,76.625,2,33.0,143.0,204.0,92.0,5.8
1203,2,2,148.5,75.25,2,33.0,143.0,204.0,92.0,5.8
1204,2,-3,146.0,71.5,2,33.0,143.0,204.0,92.0,5.8
1205,2,-3,111.0,54.0,7,58.0,73.0,16.0,65.7,6.9
1206,2,-2,212.75,105.375,9,40.0,22.0,29.0,100.0,5.7
1207,2,-4,146.0,71.0,2,33.0,143.0,204.0,92.0,5.8
1208,2,-9,87.75,39.375,5,6.0,68.0,18.0,62.5,6.7
1209,2,-6,134.5,64.25,3,113.0,41.0,20.0,80.5,7.3
1210,2,-4,120.75,58.375,3,113.0,41.0,20.0,80.5,7.3
1211,2,-4,108.0,52.0,7,58.0,73.0,16.0,65.7,6.9
